S0150000626D735F74656C656D657472792E7372656393
S315020000006006002229410002ED3F0002254100025E
S315020000102541000225410002254100022541000238
S31502000020000000000000000000000000192100028C
S315020000302541000200000000312100029921000240
S31502000040492D0002DD2E000201300002E5300002D9
S3150200005021390002A93A0002813B0002213900023D
S31502000060F5390002C9270002392700025928000281
S30902000070A5280002B5
S315020000740000000000000000000000000000C8426A
S315020000840000C8420000000000000000000000005A
S315020000940000000000000000FCB3000200000000A3
S315020000A401000000000000000018000064000022A5
S315020000B401000000480000220300000001000000C5
S315020000C4037300000273000000000000020C00002B
S315020000D40370600002000000160000000700000022
S315020000E401000000020000002C0000000F000000C6
S315020000F404000000104000008C00002200000000F2
S3150200010454B30022BCB3002224B40022000000002F
S3150200011400000000000000000000000000000000D3
S3150200012400000000000000000000000000000000C3
S3150200013400000000000000000000000000000000B3
S315020001440000000000000000430000000000000060
S315020001540000000000000000000000000000000093
S315020001640000000000000000430000000000000040
S315020001740000000000000000000000000000000073
S315020001840000000000000000430000000000000020
S315020001940000000000000000000000000000000053
S315020001A40000000000000000430000000000000000
S315020001B40000000000000000000000000000000033
S315020001C400000000000000004300000000000000E0
S315020001D40000000000000000000000000000000013
S315020001E400000000000000004300000000000000C0
S315020001F400000000000000000000000000000000F3
S31502000204000000000000000043000000000000009F
S3150200021400000000000000000000000000000000D2
S315020002240000000000000000858000020580000234
S315020002340000000028BD000227BC000213BC000215
S3150200024413BC000213BC000213BC000213BC00025E
S3150200025413BC000213BC000213BC000213BC00024E
S31502000264FFFFFFFFFFFFFFFFFFFFFFFFFFFF000090
S315020002740100415343494900000000000000000008
S315020002840000000000000000000000000000000062
S3150200029400004153434949000000000000000000E9
S315020002A40000000000000000000000000000000042
S309020002B4000000003E
S315020002B80348044B834202D0034B03B118477047E5
S315020002C8440200224402002200000000064B0749AD
S315020002D8C91A891048BF0131491003D0044B0BB122
S315020002E801481847704700BF440200224402002210
S315020002F80000000010B5064C237843B9FFF7D8FF73
S31502000308044B13B10448AFF300800123237010BDD8
S31502000318900600220000000084A2000308B5054BDF
S315020003281BB105490548AFF30080BDE80840FFF751
S31502000338CDBF00BF000000009406002284A200037D
S3150200034810B5D0ED007AF4EEC07AF1EE10FA4FDA73
S3150200035800EB810353ED017AB4EEE70AF1EE10FAE7
S315020003687ADA4FF0000E041D01F1FF3C04E0B4EE08
S31502000378E70AF1EE10FA07D4BCF1010C7346F4EC65
S31502000388017A0EF1010EF2D100EB830090ED007AAC
S31502000398F5EEC00A30EE470A77EEC77AF1EE10FAA2
S315020003A880EE277A01EB03002BD8F7EE005A9FED71
S315020003B82F5A02EB830302EB800293ED006AD2ED19
S315020003C8006A93ED010AD2ED017A30EE460A77EE1B
S315020003D8E67A20EE070A67EE877A30EE060A77EEA5
S315020003E8A67A20EE250A67EE857A30EE270A10BD30
S315020003F808469FED1E7A0023F5EEC00AF1EE10FAC2
S31502000408D3D9F3EE097AF4EEE70AF1EE10FA1ADA1C
S31502000418F2EE047AF4EEE70AF1EE10FA21D403EBCF
S31502000428410170EEE70A0346082408461049F7EE2A
S31502000438005A2144D1ED006A76EEE77A80EEA75A91
S3150200044875EEC55AB5E703EB4101DFED085A0346D7
S31502000458B7EE005A0846ACE78B1EB7EE007AC81804
S31502000468CAE70424DFED017AE0E700BF00000000D6
S31502000478148C00022DE9F0412DED0E8B8AB01E9DDB
S315020004880446F0EE404AB0EE60EAF0EE418A0E46C5
S315020004981746B0EE614A984635B10021296069606F
S315020004A8A960E96029616961D4ED081AF5EEC01AF6
S315020004B8F1EE10FA00F11783B3EE09DAF4EECD1A6B
S315020004C8F1EE10FA3DFE21DA94ED001AB5EEC01AE5
S315020004D8B6EE008AF1EE10FA24EE888A00F100835D
S315020004E8B7EE003AB4EEC31AF1EE10FA33FE013A49
S315020004F8F0EE4D0A0C21D74AD748B0EE430AFFF769
S315020005081FFF0C21B0EE409AF0EE4D0AB0EE430AF8
S31502000518D24AD148FFF714FFDFEDD17ADFEDE66A5A
S3150200052868EE277A67EEA67A71EE679A94ED077AED
S315020005389FEDCC6AF5EEC09A37EE067AF1EE10FA1E
S31502000548B0EE40CA84ED077A00F1C782F7EE007A68
S31502000558F4EE679AF1EE10FA77FEA99A94ED023A4A
S315020005689FEDC1AA9FEDC17ADFEDD37AD4ED012AB8
S3150200057823EE077A28EE0AAAB7EE006A3AEE47AAE7
S315020005882CEE27BA22EE8C7A68EE09AA3BEE06BA58
S315020005987AEE87AAD4ED046A2AEE27AA6AEEA7AAF1
S315020005A82BEE0BBADFEDB27AD4ED03CADFEDB15A00
S315020005B82BEE26BAD4ED05BA7CEEA7CADFEDAE7AE3
S315020005C86BEEA5BA3BEE27BADFEDB67AAB486521E4
S315020005D8F0EE4D0AB0EE690AA94A7BEEA7BAFFF712
S315020005E8AFFE94ED062A22EE087A7AEEA2AA70EEF9
S315020005F847DA3AEE03AA7DEEEADAF2EE007A7DEE01
S31502000608CADA00206DEEA7DACDE904003EEE6DEAFD
S31502000618CDE90600CDE9080086B17FB1F0EE440ABD
S315020006284246B0EE640A3946F0EE4E3A04A800F0A5
S31502000638A5FADDED067A3EEE674A03E0B0EE4E4ACB
S31502000648DFED9F7A8DED004A8DED01EA8DED024AC6
S31502000658CDED037A9DED003F55B1CDED067A0DF14C
S31502000668100CBCE80F000FC59CE8030085E80300E0
S315020006784FF00A0E37EEAD7A64EE046ADFED907A31
S315020006884EF001E094F84C107E4A04EB81000131E9
S31502000698A2FB0152D20802EB8202A1EB420184EDCF
S315020006A8153FC4ED19DA84ED1A7A04F12403C0ED74
S315020006B8096A84F84C10B3EC017A77EE877A0FF060
S315020006C807C0B2EE045A9FED776A87EE853ABAEE0C
S315020006D8007AB4EE463A68EE077AF1EE10FAD4EDED
S315020006E8076A27EEA77A48BFB0EE463A27EE267A79
S315020006F8DFED655A37EE037AB4EEE57AF1EE10FAD3
S3150200070884ED143A40F3A08026EEA76AC6EE073AAD
S3150200071823EEA37A63EEA77AF7EE004A64EE233A4B
S3150200072874EEE74AD4ED067A64EEA44A73EEA73A63
S31502000738DFED567A23EE077A64EEA64AF4EEE73A36
S3150200074874EE874AF1EE10FAC4ED074A00F1AA815F
S31502000758DFED4F7AF4EE673AF1EE10FA77FEA33A36
S31502000768DFED4C2AF7EE007A39EEA20AB4EEE70A72
S31502000778F1EE10FAC4ED063A79EEE22A40F3A181C7
S3150200078837EEE22AB0EE670A6521F0EE4D0A3C4AD8
S315020007983A48FFF7D5FDF0EE407A6521B0EE620AD7
S315020007A8F0EE4D0A364A3548F0EE672AFFF7C8FDDD
S315020007B89FED356A32EEC00A72EE066AF2EE005A0A
S315020007C8C0EE262AFAEE007A62EEA52A9FED327A62
S315020007D86BEE275A6BEEA76A62EEA27A2BEE072A0F
S315020007E867EEAC7A2BEE877A77EE827A77EE877A9D
S315020007F877EE837AF4EEC67AF1EE10FA2CEEA25A66
S3150200080860DDB7EE002A82EE276A26EE057A64EEE6
S31502000818077A66EE261A66EE255A77EEA97A64EE06
S31502000828256AF5EEC07A24EE214A76EEAA6A34EEF5
S315020008380A4AF1EE10FAC4ED016A84ED024A40F161
S315020008485581DFED1F7A55E09FED1D7AF0EE473AA6
S3150200085860E700BF008500029085000270840002EE
S31502000868F4F9CA3877CC2B326F120339CDCC4C3C0B
S31502000878BD370635425C7F3FACC52737808A000202
S31502000888C0850002CDCCCCCCFFE6DB2E6F12833AB4
S31502000898CDCC4C3E17B7D13800008042CCBC8C2B4D
S315020008A8DC243428BD37863500007A440000C84265
S315020008B85555553F610BB63BCDCCCC3D0000704239
S315020008C8000000005FED027A65EEA75A66EEA71AE7
S315020008D825EE277A24EE256A64EE216A36EE2A6A1E
S315020008E824EE074A76EE8A6A74EE297A84ED016A5C
S315020008F8C4ED026AB7EE006AB2EE005ABAEE004AD0
S31502000908C4ED007A62EE877A62EEA56A25EEA51A2A
S3150200091862EEA12A65EE845A27EE072A27EE054AD1
S3150200092876EE677A21EE855A61EEA11A22EEA27A4E
S3150200093822EE032A61EE032A24EE044A21EE833AC2
S3150200094867EEA77A76EE651A24EE0B1A66EEA66AA3
S3150200095867EEAC7A61EEA11A35EE066A61EE8B1A7B
S3150200096866EEAC6A65EEA55A25EE055A24EE2B4AC2
S3150200097877EE817A25EE0B5A76EEA16A27EE2C7A65
S3150200098865EEAB5A26EE066A77EE847A5FED3D1A75
S3150200099837EE057A26EE2B6A77EE827A76EEA56A26
S315020009A8F4EE617A37EE067A76EEA26AF1EE10FA7C
S315020009B837EE037AF4EE616A1FED475A48BFF0EE46
S315020009C8617AF1EE10FAB4EE617A1FED4A6A48BF0F
S315020009D8F0EE616AF1EE10FAF4EE454A48BFB0EE5F
S315020009E8617AF1EE10FAB4EE469A48BFF0EE454A3D
S315020009F8F1EE10FAB1EE4CCA48BFB0EE469A84ED53
S31502000A08057A8CEE097AB5EEC07AF1EE10FAC4EDE3
S31502000A18037AC4ED046AC4ED074A4FD45FED5E7AE1
S31502000A28B4EE677AF1EE10FA37FE877A68EE087A3C
S31502000A386AEEAAAAD4ED086A2AEE0AAA1FED654A40
S31502000A4867EEA37A6AEE87AA5FED674A76EEE88AC8
S31502000A582AEE04AA77EEAA7A68EEA48A77EE8A7A4A
S31502000A681FED6C5A77EEE87A5FED6D5A67EE857A76
S31502000A7867EEA57ABAEE046A77EEA67AF4EEC67A35
S31502000A88F1EE10FA11D41FED737AF4EE477AF1EE0D
S31502000A9810FA77FE277AC4ED087A0AB0BDEC0E8BF7
S31502000AA8BDE8F081F0EE673A5AE6F0EE467AC4ED12
S31502000AB8087A0AB0BDEC0E8BBDE8F0811FED807A8C
S31502000AC8B4E7F5EEC02AF1EE10FA52BF30EE622A0A
S31502000AD8B0EE402A5FED862A56E65FED879A3DE537
S31502000AE81FED893A04E51FED8ADAEDE4F4EE427A5F
S31502000AF8F1EE10FA72FE277AFCE600BF70B568229C
S31502000B0804460021043010EE106A10EE905A05F0E1
S31502000B1849FE4FF00A0E4EF001E0094B094A0A480F
S31502000B280A4920622660E36022616261A561E16189
S31502000B38236504F1240040F8043B0FF005C070BD9C
S31502000B480AD7233C6F12833A0000C84117B7D13837
S31502000B58002300B583B0DFED051A1A46194600933D
S31502000B68FFF788FC03B05DF804FB00BF0000000035
S31502000B7818B18822002105F015BE70472DE9F04FFD
S31502000B882DED068B2DED04CB0023ADF5097DCDEDBC
S31502000B98091A8DED081A8DED0A2ACDED0B2A9DED5F
S31502000BA808DFCDE90220CDE90C33CDE90E33CDE9D4
S31502000BB81033002900F04B83029BF0EE41AAB0EEF7
S31502000BC861AAF0EE429AF0EE408A10EE904AB0EE32
S31502000BD8639A13EE10BA0E46002B00F0F781CB6F1C
S31502000BE8D1F88070009301330193002F00F0FA8147
S31502000BF891ED217ADFED6A6A70EE477A67EEA67A98
S31502000C0877EE877A009A674B02F11E01A3FB01026F
S31502000C18881A02EB50021209C2EB42128A1A06EB32
S31502000C2882021268012F0DF1480CC6ED217A8CED6D
S31502000C38000ACCF8042000F0E081009A042F02F1A1
S31502000C481D01A3FB0102A1EB020002EB50024FEACF
S31502000C581212C2EB4212A1EB020206EB82021268E0
S31502000C68CCF8082040F2CB81009A092F02F11A012A
S31502000C78A3FB0102A1EB020002EB50024FEA121299
S31502000C88C2EB4212A1EB020206EB82021268CCF810
S31502000C980C2040F2B681009A132F02F11501A3FB2C
S31502000CA80102A1EB020002EB50024FEA1212C2EB5A
S31502000CB84212A1EB020206EB82021268CCF810205D
S31502000CC840F2A181009A1D2F02F10B01A3FB01023A
S31502000CD8A1EB020002EB50024FEA1212C2EB4212D9
S31502000CE8A1EB020206EB82021268CCF8142040F24B
S31502000CF8AB820199A3FB0123CA1A03EB52031B0910
S31502000D08C3EB4313CB1A06EB83031B68F3EE0E6A97
S31502000D1888EEA68A87EEA67ACDED057A67EE087A78
S31502000D2804930794CDED067A9DED043F22AAF8EEC8
S31502000D38005AB0EE006A8DED1CDF654614460F2395
S31502000D488DED183F18481949CCF838B009E0F4EE89
S31502000D58467AF1EE10FA76FE277A013BE4EC017A3E
S31502000D6814D0F0EC017AB5EC017AF1EC016A37EEAF
S31502000D78677AC7EE267AF4EEE57AF1EE10FAE6D548
S31502000D88F8EE007A013BE4EC017AEAD10DF1C409E6
S31502000D98F8EE006AB0EE007A48460F2312E000BF6A
S31502000DA80017DA3A8510420820AB0002E0AA0002D0
S31502000DB8F4EE477AF1EE10FA77FE277A013BE0EC79
S31502000DC8017A0CD0F2EC017AF4EEE67AF1EE10FA38
S31502000DD8EED5F8EE007A013BE0EC017AF2D1DFF8C3
S31502000DE824B4DFF824A40DF5B0780BF1C00509F197
S31502000DF83C04A4EB090EAEF1040E4FEA9E0E0EF168
S31502000E08010EBBEC010A4EF001E0CC465346F3EC68
S31502000E18017ABCEC017A67EE877A30EE270A0FF080
S31502000E280BC007F041F9AB45A8EC010A0AF13C0AE6
S31502000E38DFD1DFF8D8A3DFF8D8B30DF580790AF148
S31502000E4860050BF1C004A4EB0B04A4F1100E4FEAE3
S31502000E581E1E0EF1010EBAEC010A4EF001E05C46C6
S31502000E6858A9B1EC045FB4EC047F06FF546D36EE64
S31502000E78103B17EE10CB05EE903A30EE060A37EE27
S31502000E88100B30EE250A07EE90CA30EE270A07EE57
S31502000E98900A30EE270A0FF01DC007F005F95545EE
S31502000EA8A9EC010A0BF1C00B04F1C004CBD14FF037
S31502000EB8060E9FEDC40A4EF001E0C34940AAB1EC02
S31502000EC8047FB2EC045F06FF546D36EE104B17EE44
S31502000ED8103B37EE100B70EE067A07EE104A77EEE5
S31502000EE8877A07EE103A77EE277A07EE100A37EE78
S31502000EF8870A0FF01DC007F0D7F8DFEDB46A9FED39
S31502000F08B47A60EE267A9FEDB36A27EE877AB4EE54
S31502000F18C67AF1EE10FACDED0C7A00F15081B4EEF4
S31502000F28667AF1EE10FA36FE877AF5EEC08AF1EEA7
S31502000F3810FAF7EE007A48BFB1EE488AB4EEE78AAD
S31502000F484CBFF1EE685AF0EE685AF1EE10FA8DEDE2
S31502000F580D7A00F33181DFEDA07ADFEDAE6A68EE35
S31502000F68277A77EEA67AB3EE096A36EE4A5AC5EEBC
S31502000F78066AF5EEC06AF1EE10FA00F11A81B7EECA
S31502000F88006AF4EEC66AF1EE10FA00F363819FED89
S31502000F98A16A66EE866AB5EEC07A77EEA67AF1EEB1
S31502000FA810FADFED8E6ACDED0F7A67EEA66A2FD4B8
S31502000FB8B4EEE67AF1EE10FA80F2EE80B4EEE77A53
S31502000FC8F1EE10FA38DCB0EE476A2FE1029D88226C
S31502000FD82946304605F0E6FB4FF480731093012349
S31502000FE800950193C6ED218AF0EE687A0027CDEDC9
S31502000FF8128ACDED138A0DF1480CCCED028ACCED9E
S31502001008038ACCED048ACCED058A18EE903A7DE681
S31502001018B1EE476AB4EEE66AF1EE10FAF1EE677AD5
S31502001028C0F2FE80B4EEE77AF1EE10FA109B43F0B6
S315020010388003109340F1BA80CDED0E7A029B3B2BCA
S3150200104800F2A880109B43F0010310930023DFED02
S31502001058627AF4EEE7AAF1EE10FA06D4DFED607AC8
S31502001068F4EEE7AAF1EE10FA04DD0023109A42F034
S3150200107802021092FAEE047AB4EEE7AAF1EE10FA38
S3150200108806D4DFED587AB4EEE7AAF1EE10FA04DDDB
S315020010980023109A42F004021092DFED537AF4EE1E
S315020010A8E75AF1EE10FA04DD0023109A42F008021C
S315020010B81092B5EEC09AF1EE10FA9FED4C7A4CBF3B
S315020010C8F1EE497AF0EE497AF4EEC77AF1EE10FAC1
S315020010D836DDDFED477AF4EEE79AF1EE10FA109B69
S315020010E843F01003109306D4DFED427AF4EEE79A42
S315020010F8F1EE10FA02DD43F02003109300230E935B
S31502001108019B009A1F2B28BF002306EB8208C8ED15
S31502001118008AF3677B1C02D00137C6F88070039CED
S315020011280CAD0FCD0FC495E8030084E803000398BD
S315020011380DF5097DBDEC04CBBDEC068BBDE8F08F41
S315020011489FED2B7AF4EEC79AF1EE10FA20D49FEDB2
S31502001158297AF4EEC79AF1EE10FA19DC8DF84430C2
S31502001168002BCBD09DED0E7AB5EE407AF1EE10FA51
S315020011784FF00003C4D0DFED206AF4EEE67AF1EE12
S3150200118810FA6AD50E93109B43F400631093B7E7DF
S31502001198109BB0E701235AE7B4EEE77AF1EE10FAAC
S315020011A8109B43F0800310933FF746AF8DED0E7AFE
S315020011B844E7DFED126AEEE6DFED117AD3E6B0EE2A
S315020011C8467AB2E6CDEC483D208C00020AD7233D8A
S315020011D83333B73F0AD723BD0AD7A33C52B87E3F5B
S315020011E848E17A3F0000704200000C429A99993E03
S315020011F80AD7A33B0AD7A33DA69B443A00000000A0
S315020012088FC2F53CE09E0002A09F0002808C00027D
S31502001218E08C00020AD7233C6666263F6F12033A21
S31502001228B4EEE77AF1EE10FA3FF506AF5FED057A0E
S31502001238B4EEE76AF1EE10FAB8D500230E93109BC6
S3150200124843F040031093F9E610EE103A5EE50123E7
S31502001258109364E75FED116A9DE667EE096AF5EE9B
S31502001268C06AF1EE10FA2BD9B5EEC07A5FED166AAE
S31502001278F1EE10FA67EEA67A48BFB1EE477AB4EEF7
S31502001288E77AF1EE10FA0CDDB5EEC09AF1EE10FA35
S315020012981CDBCDED0E7AB0EE677A109B43F48063C1
S315020012A810935FED227AB4EEE77AF1EE10FA7FF543
S315020012B827AF00230E93109B43F0400310931FE7BA
S315020012C80E93109B43F40073109319E7F1EE676AC5
S315020012D8109BB0EE677A43F48063CDED0E6A1093E5
S315020012E8DFE700BF70B50C4694B0064648220021D7
S315020012F802A805F057FA4FF0000C4FF0080E2068C6
S315020013086168104D04AB03C301AA61460E480196F3
S315020013188DF80AE085F800C002F0DAF8064668B9E0
S31502001328642404E0012004F011F9013C02D02B7870
S31502001338002BF7D02B78002B08BF1426304614B0A2
S3150200134870BD00BF1007002274AA0022002300B550
S315020013580A4A83B04FF440706946CDE90023FFF785
S31502001368C1FF30B9064A13680133136003B05DF84A
S3150200137804FB044A136801331360F7E7A55A5200BF
S31502001388180800221408002270B50024828886B044
S31502001398B2F5806F019421D007D9B2F5006F02D158
S315020013A80122284B1A7006B070BD082A02D0B2F57F
S315020013B8807FF8D1244802F013F82449224802F023
S315020013C80BF9019B002BEED04FF08052204B5A604E
S315020013D8BFF34F8FBFF36F8F06B070BD827E1D4E6F
S315020013E8082A28BF0822336845690133C5F30A0566
S315020013F800F120010DF10D0033608DF80C200295E5
S3150200140805F0F2F9144AA5F50073012B156005D902
S31502001418124A13680133136006B070BD104D1148A5
S315020014282A6802A923460068541C01AA2C6003F004
S3150200143833FA01280CBF0C490C49019B0A68013290
S315020014480A60BFE71007002274AA002220B400022D
S3150200145800ED00E00C070022F8060022FC06002236
S3150200146808070022140700220407002200070022A8
S315020014782DE9F04F2DED0E8B002491B01021082096
S31502001488454B464A009403F071F8DFF838B1CBF8B9
S315020014980000002800F04C824149424802F09CF8BC
S315020014A8C82004F053F8FFF751FF322004F04EF833
S315020014B8FFF74CFF322004F049F8FFF747FF04F024
S315020014C86FF8DFED39CA9FED39BA9FED39CA9FED3C
S315020014D839AADFED39AADFED39BADFF8ECA0DFF871
S315020014E8EC90DFF8EC80364F0B9040F20125002293
S315020014F8DBF800000CA903F043FA01286ED100219B
S31502001508DAF8000003F0F8FA01280446EFD10C9B3A
S31502001518B3F5007F0ED0AB4204D19DF83430072BC9
S3150200152800F2A5810023DAF800001A46194603F0EC
S3150200153899F8DCE79DF83430062BF3D9BDF8353037
S31502001548BDF83710BDF839205BBAC9BAD2BA9BB210
S3150200155806EE901A07EE102A07EE903AF8EEE66AB9
S31502001568F8EE677AB8EEC77A67EE8C7A66EE8B6A19
S3150200157827EE0B7A9DF83B30C9ED007AC9ED016A70
S3150200158889ED027A89F80C3004F00AF889F81440D1
S31502001598C9F81000C6E700BF9807002218070022FC
S315020015A820B4000274AA002217B7D1380AD7233CFE
S315020015B86F12833A00007A4400FEFF4600007F431A
S315020015C8000000221407002210080022E007002269
S315020015D8AC06002200FEFFC600FF7F470A21D8F8A4
S315020015E8000003F089FA012840F06F81002397ED85
S315020015F800EA97F8201097F82340049197F82110EB
S31502001608621C029197F8221087F8232003911A4642
S315020016181946D8F8000097ED019AD7ED028AD7ED58
S3150200162803EAD7ED04DAD7ED059A97ED06DA97EDD0
S31502001638078A03F017F86EEE0A7AF5EEC07AF1EE2B
S3150200164810FA00F147811FED1C7AF4EEC77AF1EE23
S3150200165810FA00F35D81FCEEE77A17EE905AC5F3AD
S3150200166807230893EDB269EE0A7AF4EEEA7AF1EE06
S3150200167810FA00F339811FED297AF4EEC77AF1EEF2
S3150200168810FA00F14B81FDEEE77A17EE903AC3F3B2
S31502001698072CDBB2059368EE8A7AF4EEEA7AF1EE63
S315020016A810FA00F32D811FED357AF4EEC77AF1EEC2
S315020016B810FA00F13881FDEEE77A17EE902AC2F3A6
S315020016C807230693D3B20793F2EE047A6EEEA77A4D
S315020016D8F4EEEB7AF1EE10FA4FF00002D8BFFCEE08
S315020016E8E77A1646D4BFCDED097A4FF0FF0E089B6E
S315020016F8D8BF9DF824E063F3070265F30F22059B22
S315020017086CF3174263F31F62069B0CA963F3070681
S31502001718079B4FF4807063F30F266EF3174664F344
S315020017281F6600240C920D96FFF7DCFD049BCDE99B
S315020017380C448DF83030039B40F201108DF831309D
S31502001748029B0CA98DF83230FFF7CCFDF2EE047A33
S315020017586DEEA77AF5EEC07AF1EE10FA0D9471D411
S315020017681FED637AF4EEC77AF1EE10FA69DCFCEE45
S31502001778E77AF5EEC09A17EE903AF1EE10FAC3F34D
S315020017880726DCB264D45FED6C7AF4EEE79AF1EEE2
S3150200179810FA00F3C080FCEEE97A17EE903AC3F32A
S315020017A80725DBB2002266F3070264F30F2265F30C
S315020017B8174263F31F624FF481700CA90C92FFF76C
S315020017C891FD6DEE0A7AF5EEC07A0024F1EE10FA72
S315020017D80D9441D41FED807AF4EEC77AF1EE10FA31
S315020017E839DCFCEEE77A17EE903A68EE0A7AF5EEFD
S315020017F8C07AF1EE10FAC3F30726DCB234D41FED31
S315020018088A7AF4EEC77AF1EE10FA7EDCFCEEE77A13
S3150200181817EE903AC3F30725DBB2002266F30702F6
S3150200182864F30F2265F317420CA963F31F6240F2B1
S3150200183803100C92FFF756FD64210BA803F030FE45
S3150200184853E6FF24F5EEC09AF1EE10FA26469AD52B
S3150200185800231D46A6E7FF2468EE0A7AF5EEC07A4B
S31502001868F1EE10FA2646CAD500231D46D5E7BDF87D
S315020018783530BDF837205BBAD2BA9BB207EE102ACA
S3150200188807EE903AB8EEC77AF8EE677A27EE0B7A41
S3150200189867EEAC7A9DF83B309DF83A009DF83C100D
S315020018A81B029DF8392043EA00430B43C9ED067A29
S315020018B889ED077A89F82020C9F8243003F070FEEA
S315020018C889F82C40C9F828002CE664210BA803F0F5
S315020018D8E7FD0AE669EE0A7AF4EEEA7A0025F1EEFF
S315020018E810FA08957FF7C7AE68EE8A7AF4EEEA7AB6
S315020018F8FF23F1EE10FA4FF07F0C05937FF7D3AE74
S315020019087F23FF21CDE90631DEE6FF231D4684E764
S31502001918FF250895A7E6FF231D4643E701234FF057
S31502001928800C0593B7E680230122CDE90632CBE681
S31502001938FB21024B024A034802F006FB5CAB00029B
S31502001948ECB300026CAB000238B5044604F059FF4A
S3150200195800B938BD0023124D0246214611482B70A4
S3150200196800F02AFDB8B92B784BB9192401E0013CDD
S3150200197805D0012003F0EAFD2B78002BF7D02B784F
S3150200198823B1094A13680133136038BD074A13683D
S315020019980133136038BD064A13680133136038BD34
S315020019A868AA002290AA0022180900221009002219
S315020019B814090022000000002DE9F04F2DED0E8BD0
S315020019C84FF4FA70ADF5297D03F0C0FD4FF0E02122
S315020019D80020D1F8FC2DAC4B42F08072C1F8FC2DE8
S315020019E858601A683C2442F00102DFF8E4B21A6031
S315020019F80BE00023A54A194610681A4602F032FE81
S31502001A08322003F0A3FD013C15D0A04B052118682E
S31502001A1803F072F80128F3D19BF82C30002BE8D09A
S31502001A28DBF82430142BE4D80023984A19461068A8
S31502001A381A4602F017FE9648FFF79AF8DFED950A5E
S31502001A48B7EE000A9448FFF759F89448FFF77CFF67
S31502001A58DFED93EA03F0A4FD00239FED929A9FED32
S31502001A6892BADFED92AA9FED84CB9FED85DBF0EE6D
S31502001A786EBA1EEE908A1E469A46CDE92233CDE903
S31502001A882433CDE92633844C219019931B9305E020
S31502001A98642121A80AF1640A03F002FD7B4B0521A1
S31502001AA8186803F029F80128054600F013814FF05B
S31502001AB80009DFED7B9A0AEE108A0EEE108A08EE0E
S31502001AC8108A08EE908A4D46794B7A4A01361E608C
S31502001AD81368052101331360774B186803F00CF875
S31502001AE80128D5D1199A754F042EA7FB022794BF50
S31502001AF80023012300223F0A1A929B01704A82F8A8
S31502001B08223000236C4A194610681A4602F0AAFDCA
S31502001B18002DBDD01A9B002BBAD0CDE91097DFED68
S31502001B28697A94ED070A94ED181AD4ED141A94ED0D
S31502001B381A2AD4ED192A94ED083AD4ED053A94ED09
S31502001B48044AD4ED034A94ED175AD4ED165A94ED85
S31502001B58066A94ED027ADFED5C6A6EEEAA0A60EE18
S31502001B68266A2AEE09AA69EEA79A21EE091A61EEF1
S31502001B788B1A22EE2A2A62EEAA2A23EE273A63EE65
S31502001B888B3A24EE0B4A64EE8B4A25EE095A65EE29
S31502001B98895A26EE096A27EE097AFDEEE00ABDEEB3
S31502001BA8C11AFDEEE11ABDEEC22AFDEEE22ABDEE2B
S31502001BB8C33AFDEEE33ABDEEC44AFDEEE44ABDEE93
S31502001BC8C55AFDEEE55ABDEEC66A6EEE277ABDEE39
S31502001BD8CAAAFDEEE99ABDEEC77AFDEEE66A269B2B
S31502001BE8CDED140A8DED161ACDED151A8DED132AC3
S31502001BF8CDED122A8DED0D3ACDED0B3A8DED0A4A51
S31502001C08CDED094A8DED085ACDED075A8DED066AD6
S31502001C18CDED0C6A1793FDEEE77A8DED0EAACDEDA2
S31502001C280F9A8DED057AD4ED016A94ED007A28EEC5
S31502001C382A8ACDED027A68EEAA8A67EE097A66EEF4
S31502001C48896AFDEEE77AFDEEE66ABDEEC88AFDEE22
S31502001C58E88A8DED018ACDED008A53464FF400716C
S31502001C68CDED046ACDED037A184A28A804F066FD7C
S31502001C7828A8FFF769FE0BE70000C842000000002B
S31502001C88000070410000F041001000E01008002238
S31502001C98880800227F6ABC3C1C08002284AB00022A
S31502001CA80000000000247449286B6E4E00007A4436
S31502001CB83C09002238090022AC0600228988888855
S31502001CC8000000220000C842A5D4685370AC000286
S31502001CD8E00700220027534B3A4618689BF814304F
S31502001CE839461A933B46DBED008A9BED018A9BED4A
S31502001CF802EA9BED06AADBED079ADBF824908BF83D
S31502001D0814708BF82C7002F0ADFC1A9B002B3FF472
S31502001D18DBAE454B1F60B9F1000F7BD01B9B002B36
S31502001D2875D1DFED42EA424B0026C3ED00EA414D8A
S31502001D38B0EE4E1AF0EE680AB0EE480A3E486F68F0
S31502001D48CDE92266CDE92466CDE92666FEF700FFCF
S31502001D586A681998D21B904238BF10460746D4EDD6
S31502001D68067A364B1997A3FB0737354A199B3F0A5A
S31502001D781360344B25681F60334BD4F854C01D607A
S31502001D88324BD4F820E0C3ED007A314B314AC3F81E
S31502001D9800C0314B3148C3F800E01368052101330E
S31502001DA80068CDED1B7A136002F0A6FE012804D066
S31502001DB80123F0EE48BA1B93AFE6D4ED007ADFEDC5
S31502001DC8286A28EE887A67EEA67AB5EEC08A254B87
S31502001DD8CDED1C8A8DED1D8A83ED00DF8DED1E7A11
S31502001DE8CDED1F7A9DED1C7FF1EE10FA1E4B83EDA9
S31502001DF8007F13DD0220012500231B4AF0EE48BAB4
S31502001E081E4682F8200082F821501B9576E678EE67
S31502001E186BEA88E71548FEF7ABFE82E7EBD50320A7
S31502001E28E9E700BF100800223C0900220000000072
S31502001E381C090022001000E01C08002289888888F4
S31502001E4830090022340900222C090022280900221E
S31502001E58240900224009002220090022AC06002299
S31502001E680000C84210000022000000228808002252
S31502001E78022800D070470249024800F01DBE00BF82
S31502001E8870B400026CAA002200BEFEE70379022B98
S31502001E9802D10122014B1A70704700BF68AA0022BC
S31502001EA870B501202B4984B002F0A8FC2A4B1860B1
S31502001EB8C0B10120294902F0A1FC294B186058B18A
S31502001EC82849294800F0F2FA044688B15221274BDC
S31502001ED8274A284802F038F84E21274B244A254833
S31502001EE802F032F84A21254B214A224802F02CF800
S31502001EF80425234823492346CDE901104FF40062FD
S31502001F0821492248009503F085F8214B1860A0B1B3
S31502001F1803252048204E2346CDE901064FF40052F8
S31502001F281E491F48009503F075F81E4B186050B1FC
S31502001F384FF47A7003F00AFBFAE75C211A4B0C4A53
S31502001F480C4802F001F86621184B094A094801F0C3
S31502001F58FBFF00BFB0060022AC06002220AA002220
S31502001F681008002238B4000290AA002234AD0002FA
S31502001F780CB40002F4AC000210AD0002D8AC0002A8
S31502001F88B4890022208A00224CAD0002791400028C
S31502001F98B0890022480900224889002270AD000251
S31502001FA8C11900024409002250AD000280AD0002A8
S31502001FB8704700BFFFF7FCBF00BE704738B5164C26
S31502001FC84FF0FF31206802F097FD012803D0002167
S31502001FD82068FFF7F1FF114B1A7802B138BD0122CA
S31502001FE81A70FFF7E7FF0E4D2B68013B2B60002B9B
S31502001FF8F4D0002320681A46194602F033FB01285A
S31502002008F2D000212068FFF7D7FF2B68013B2B602F
S31502002018002BEED138BD00BFD8AF0022DCAF0022BC
S31502002028E0AF002238B500230B4D0C4C01214FF4CA
S3150200203880700B4A2B60237002F0D8FA094B18609D
S3150200204828B100F037F803F0F5F8002038BD01464C
S31502002058FFF7B2FFF5E700BFE0AF0022DCAF0022D0
S3150200206890AF0022D8AF0022802330B4034D044C2F
S3150200207805600C60136030BC704700BF28AF0022B1
S3150200208828AD0022802330B4034D044C05600C6051
S31502002098136030BC704700BFC0AC0022C0AA002241
S315020020A810B50446FFF78AFF2046BDE81040FFF741
S315020020B8F7BE00BF70B505250D4C0E4923680E4EB6
S315020020C884B0581CCDE901160C4B20604FF480628F
S315020020D80B490C48009502F09DFF0B4B186008B19E
S315020020E804B070BD014604B0BDE87040FFF764BF96
S315020020F8E0AF0022A0B40022E8AF00226CB40002CE
S31502002108A8AD0002A9200002E4AF002200BEFEE745
S315020021181EF0040F0CBFEFF30880EFF309800149A4
S3150200212808470000BD2100020F4B1968EFF3098228
S315020021381EF0100F08BF22ED108A22E9F04FEFF3C6
S315020021480B8342F8043D0A604FF0100080F31188B1
S31502002158BFF34F8FBFF36F8F03F03EFA4FF00000C5
S3150200216880F3118800F002B854B2002207480168C9
S315020021780A6802CA81F30B88B2E8F04F1EF0100F04
S3150200218808BFB2EC108A82F30988704754B200225B
S3150200219810B5EFF31184102383F3118803F00CFAB8
S315020021A818B14FF08052024B5A6084F3118810BD61
S315020021B800ED00E008B5836913F8023C022B02D051
S315020021C8032B04D808BDBDE80840FFF7CFBF4FF47C
S315020021D87E71024B024A034801F0B6FEB4AD000214
S315020021E80CB70002C8AD000270B44FF080756FF0EC
S315020021F80204074E283122F0010240E9022540E98D
S31502002208094340F80C6C40F8481D70BC704700BF83
S315020022181521000208B5EFF31181102383F3118803
S315020022280A4A13680133012B136000D008BD084A15
S31502002238084B11605B68C3F30803002BF6D040F223
S31502002248A441054B054A064801F07EFE54B0002219
S3150200225850B0002200ED00E0F0AD0002F8B6000230
S31502002268C8AD000208B5094A13683BB1013B1360C1
S315020022781BB9074B1B6883F3118808BD40F2AD41B1
S31502002288044B054A054801F05FFE00BF54B0002220
S3150200229850B0002238AE0002E4B60002C8AD000211
S315020022A838B572B60B4D03F013F80B4C6B68234224
S315020022B806D10121084601F051FE6B682342F8D087
S315020022C862B6BFF36F8F72B662B6BDE8384003F0E6
S315020022D807B800BF00ED00E000F01F000D4B0E4AE4
S315020022E81B68A2FB03239B09013BB3F1807F00D342
S315020022F870474FF0E0224FF0F00C0020072110B48F
S31502002308064C536184F823C0906111615DF8044B51
S31502002318704700BFE8B00022D34D621000ED00E01E
S31502002328F02208B50B4B83F82220FFF7D7FF0A4A9B
S31502002338536B43F04043536362B6BFF36F8FEFF3B9
S31502002348148C2CF0040C8CF31488BFF36F8F02DF05
S3150200235800BEFDE700ED00E000EF00E008B5EFF390
S315020023680383103B1A0604D50E4BDB685B0511D4B2
S3150200237808BD03F0FF0202F1604303F5614393F8D7
S3150200238800331B09F0D140F20F61074B074A084890
S3150200239801F0DAFD40F22161064B044A044801F0D5
S315020023A8D3FD00BF00ED00E04CAE0002C4B6000249
S315020023B8C8AD000284AE0002844610B4006A83687F
S315020023C823F440138360DCF82040A36C5800FCD544
S315020023D8A36823F01003A360DCF82040237FC3F32D
S315020023E80010DB06FAD4CCE90312A36843F01013F3
S315020023F8A3605DF8044B704730B40124164D5309A7
S3150200240802F01F0C203304FA0CF445F82340BFF3FC
S315020024184F8FBFF36F8F114B02F5C65C53F82C40F2
S3150200242824F4803443F82C4053F82C300901002A4E
S31502002438C9B207DB0A4B154485F8001343F8220094
S3150200244830BC7047074B02F00F0423441976044B3D
S3150200245843F8220030BC704700E100E0006000400B
S31502002468A8B00022FCEC00E0F0B5846A85B0054607
S315020024780F4694466E46B4B194E80F0086E80F00FC
S31502002488EB6920461B78A760236084F804C0EB6AD0
S31502002498E3606B6A9847AC6A1CB196E80F0084E859
S315020024A80F0005B0F0BD3446EAE700BF00222DE969
S315020024B8F04101270B78027003F5800303F55653A2
S315020024C81B020362C1614B690D4643628B6904466E
S315020024D8C0E90A238378CE6967F3010383704B78D0
S315020024E8934214BF3A460222837862F30103837049
S315020024F891F90B20897AFFF77FFF95F9052029794B
S31502002508FFF77AFF95F90720A979FFF775FF95F97D
S315020025180920297AFFF770FFEFF3108887F31088EE
S315020025284FF000412A787A4BD1405A6822EA0102D2
S315020025385A605B689620394601F010FD88F31088C8
S315020025484FF48062236A9A606B78E978EA691B021B
S31502002558890301F4804103F440730B4311785068F0
S31502002568090601F040710B435178C90389B20B433E
S31502002578517B490501F400110B43216A43F4805348
S315020025884B611378991EB94240F2BB800368216AEF
S315020025980B61117BAB7801F0030141F0300133B1D5
S315020025A8022B14BF4FF440734FF480731943002073
S315020025B893781B0703F080530B43216ACB60216A89
S315020025C80123886140F21F21287883400B4202D0FA
S315020025D8236A504959620021937BD07B127C00F012
S315020025E81F0003F0010343EA002302F01F02206AD8
S315020025F843EA02430363C4E90311C4E90511226AE3
S315020026087589454825819066E269444B92F9052009
S3150200261802F5C65053F8205061F3104543F820508E
S3150200262853F82000BFF35F8F012002F01F055209FD
S31502002638920002F1604202F5614200FA05F5C2F81B
S3150200264880511560E26992F90B2002F5C65553F8D6
S31502002658256061F3104643F8256053F82550BFF309
S315020026685F8F02F01F055209920002F1604200FADA
S3150200267805F502F56142C2F880511560E26992F9E0
S31502002688072002F5C65553F8256061F3104643F84C
S31502002698256053F82550BFF35F8F02F01F055209D4
S315020026A8920002F1604200FA05F502F56142C2F8AB
S315020026B880511560E26992F9092002F5C65553F868
S315020026C8256061F3104643F8256053F82530BFF3B9
S315020026D85F8F53099B0002F01F0203F1604390408B
S315020026E803F56143C3F8800118600D4A236A9A60AC
S315020026F8226A137FDB07FCD50A4B00206360BDE81C
S31502002708F0810949022B094B18BF0B463FE700BF68
S315020027180030204000001F1F1000079D0060004087
S31502002728110401004249435304FF00FF24FF00FF3E
S31502002738EFF30383103B204A5BB203F5C65152F806
S31502002748210020F4803042F8210052F821201B4A49
S3150200275852F82300C3691B6983B1036903B1704741
S31502002768026A0021936823F4801343F400139360EA
S31502002778436AC160C3B18022FFF776BE0369026A63
S31502002788002BEED08378C16803F00303022B0CD02A
S315020027980B7813718278D0E9031302F003029B1AAD
S315020027A81144C0E90313D9E770470B8823F4DC43C5
S315020027B89BB25360EEE700BF00600040A8B000225B
S315020027C810B582B0EFF30383103B1F4A5BB203F5E1
S315020027D8C65152F8210020F4803042F8210052F8FE
S315020027E821201A4A52F82340A27802F00303022B48
S315020027F8236A0CBF19681978A3690CBFC1F30801CB
S31502002808C9B2019143B9636AB3B10422204602B040
S31502002818BDE81040FFF728BE02F0030201A960696D
S3150200282803F0E2FFD4E90521A37803F003031A446F
S31502002838C91AC4E9052109B102B010BD636A002BA1
S31502002848FAD00122E2E700BF00600040A8B00022E9
S3150200285810B5EFF303830F4A103B5CB252F824001B
S31502002868026A936823F4401323F010039360436AC1
S315020028781BB102220021FFF7F7FD074A04F5C653EA
S3150200288852F8231021F4803142F8231052F82330EB
S3150200289810BD00BFA8B000220060004038B5EFF3B3
S315020028A803831D4A103B5CB252F824008378056AFA
S315020028B803F00303022B0CBF29682978AA6C08BF08
S315020028C8C1F30801C2F30073C2F3006C4FEA0313A3
S315020028D843EA4C13C2F3C06243EAC20C18BFC9B238
S315020028E8DB06624604D5AB6C1B0458BF4CF04002AB
S315020028F8AB6E43F0C853AB66436A0BB1FFF7B4FD40
S31502002908064A04F5C65352F8231021F4803142F8D8
S31502002918231052F8233038BDA8B0002200600040C8
S315020029282DE9F84F0388DBB14FF0000A80464FF0D5
S315020029380109DFF8D4B00024314D4FEACA07D8F8A6
S31502002948043035F8022BD919898891420AD0013404
S31502002958032CF4D1B8F800300AF1010A5345EAD833
S31502002968BDE8F88FDB5909FA04F603F0B853B3F158
S31502002978807F244BF6B293F84C2C12D0324230D1D7
S3150200298804F120021BF81230DB09E0D01BF81230E2
S31502002998012123F08003C8200BF8123001F0DEFA79
S315020029A8D5E7324210D004F120021BF81230DB09B7
S315020029B8CDD11BF81230012143F08003C8200BF851
S315020029C8123001F0CBFAC2E7012001F073FB0D4B7E
S315020029D8012093F84C2C324383F84C2C01F03AFB35
S315020029E8E1E7012001F066FB064B012093F84C2C27
S315020029F822EA060283F84C2C01F02CFBC0E700BF42
S31502002A0820B7000200E0014000202040F8B5064643
S31502002A18FFF786FFEFF31082012383F31088234F13
S31502002A283B681BB9402022490B7508753B68013380
S31502002A383B6082F31088338800211BB31D4D08E0E2
S31502002A481B01134445F82340328801318BB29A425E
S31502002A5818D9736853F8314003EBC1029288E00330
S31502002A684FEA1223D2B2EBD502EB031055F820E057
S31502002A7824F4803C2EF4803E45F820E01B0145F8FC
S31502002A8820C0DEE7EFF31082012383F310883B6848
S31502002A9813B13B68013B3B603B681BB98020044984
S31502002AA80B75087582F31088F8BD00BFA0B0002226
S31502002AB8000D40400008404008B5034B0360084635
S31502002AC8FFF7A4FF002008BD54524F5030B5836B60
S31502002AD883B004460A466D46A3B193E8030085E827
S31502002AE80300E16B1A7119601846636B9847A36B6A
S31502002AF81BB195E8030083E80300002384F82B3012
S31502002B0803B030BD2B46ECE770B4002440220369BB
S31502002B181C7003691A70026913785B06FCD5C02318
S31502002B281370036802695B6A804D1B794FF0000CCB
S31502002B3843F0E0031374036802695B6AB324DB7823
S31502002B4843F0E0035374036802695B6A9B781B01CE
S31502002B5803F0700343F008039370036802695B6A23
S31502002B681E78012E5E7814BF0423052343EA460322
S31502002B78DBB2D37003685B68AB4214BF7722F722D5
S31502002B8803695A71036983F806C00369DC7191F90E
S31502002B9811204B7B6245C0F2AA801B0102F16044F8
S31502002BA8DBB204F5614484F80033614C614B44F8A6
S31502002BB8220002F5C65553F8256026F4803643F8F6
S31502002BC8256053F82530BFF35F8F012553099B0013
S31502002BD802F01F0203F1604303F5614305FA02F2AC
S31502002BE8C3F880211A6091F90F204B7B002AC0F2A4
S31502002BF895801B0102F16045DBB205F5614585F852
S31502002C0800334C4B44F8220002F5C65553F82560AA
S31502002C1826F4803643F8256053F82530BFF35F8FD4
S31502002C28012553099B0002F01F0203F1604303F5D5
S31502002C38614305FA02F2C3F880211A6091F910205D
S31502002C484B7B002A63DB1B0102F16045DBB205F50B
S31502002C58614585F80033374B44F8220002F5C6551C
S31502002C6853F8256026F4803643F8256053F8253054
S31502002C78BFF35F8F012553099B0002F01F0203F180
S31502002C88604303F5614305FA02F2C3F880211A602C
S31502002C9891F90E204B7B002A31DB1B0102F16041C0
S31502002CA8DBB201F5614181F80033224B44F8220078
S31502002CB802F5C65153F8214024F4803443F82140E2
S31502002CC853F82130BFF35F8F012153099B0002F0AD
S31502002CD81F0203F1604303F5614301FA02F2C3F8E6
S31502002CE880211A609F2203691A7070BC7047124CC1
S31502002CF802F00F051B01DBB22C44237655E70E4979
S31502002D0802F00F051B01DBB229440B76CDE70B4D0A
S31502002D181B0102F00F06DBB2AB559CE7074D1B0100
S31502002D2802F00F06DBB2AB556BE700BF40420F005D
S31502002D38A8B0002200600040FCEC00E014ED00E0C0
S31502002D4810B582B0EFF30383103B5F4A5BB203F51B
S31502002D58C65352F8231021F4803142F8231052F850
S31502002D682330EFF30383594A103B5BB252F82340F0
S31502002D7894F82D305BBBA369022B22D9E369012B98
S31502002D880ED12269137943F010031371226913795C
S31502002D9843F0080313712269137923F010031371A0
S31502002DA823685B6ADB79002B3ED101222369DB7C2F
S31502002DB8DBB28DF807309DF8073084F82D2002B073
S31502002DC810BD2269137943F040031371D6E7E3690C
S31502002DD8002BF4D02268526AD279FAB9032B17D09B
S31502002DE8022B26D0012B34D02269236AD17C626950
S31502002DF8D154D4E907320132013BC4E90732002B28
S31502002E08DDD121690A7963F386120A7102B010BD0F
S31502002E182269137943F040031371E5E70521204639
S31502002E28FFF754FEE369D9E705212046FFF74EFE70
S31502002E38BBE72269137943F01003137122691379E8
S31502002E4843F0080313712269137923F010031371EF
S31502002E58CAE794F82A2072B322681D4892F90F200D
S31502002E68510902F01F0203FA02F2203140F821202A
S31502002E78BFF34F8FBFF36F8F04202169CA7942F0DF
S31502002E888002CA7121690A7942F010020A7121691F
S31502002E980A7922F008020A7121690A7922F01002D7
S31502002EA80A712269507021694A7922F001024A712F
S31502002EB884F82C3098E708212269537A03F0F7033D
S31502002EC85372236959708FE700600040A8B0002248
S31502002ED800E100E010B5EFF30383103B434A5BB20F
S31502002EE803F5C65352F8231021F4803142F8231011
S31502002EF852F82330EFF303833D4A103B5BB252F894
S31502002F08234094F82730002B40D194F82930002B1F
S31502002F183BD123685B6ADB792BB194F82B3013B962
S31502002F28236A002B5CD1E3692169002B41D1CB7955
S31502002F38C02223F08003CB71216901E0013A02D055
S31502002F48CB79DB09FAD12368284A93F9103003F5BD
S31502002F58C65352F8231021F4803142F8231052F84E
S31502002F682330236893F91030002B09DB01215A0913
S31502002F78204803F01F03603201FA03F340F82230B7
S31502002F882269D37943F04003D37110BD94F82630F1
S31502002F98032B1CD094F8242023699A7494F82820C9
S31502002FA894F827300132013B84F8282084F8273028
S31502002FB810BD236A6269D35C8B74D4E90732013285
S31502002FC8013BC4E90732002BDFD12169AFE794F848
S31502002FD82830022BDED194F83030002BDAD110BD1E
S31502002FE805212046FFF772FD9DE700BF00600040FD
S31502002FF8A8B0002200E100E038B5EFF30383344AB3
S31502003008103B5BB252F8234023685B6ADB79002BDC
S315020030184BD194F829301BB194F82730012B52D0A2
S31502003028E369E3B12169C023CA7922F04002CA7171
S31502003038216901E0013B02D0CA795206FAD4EFF3BC
S315020030480383103B234A5BB203F5C65352F8231097
S3150200305821F4803142F8231052F8233038BD94F80F
S315020030682A203AB3012022681B4D92F90F205109F2
S3150200307802F01F02203100FA02F245F82120BFF3BE
S315020030884F8FBFF36F8F4FF0040C2169CA7942F054
S315020030988002CA71226982F801C021694A7963F3FA
S315020030A800024A7184F82C00BCE705212046FFF786
S315020030B80DFDAEE708212269537A03F0F70353722E
S315020030C823695970AEE794F83030002BAAD0A7E7E7
S315020030D8A8B000220060004000E100E038B5EFF336
S315020030E803834C4A103B5BB252F823000269537AB7
S315020030F8517ADC0601F0E00151725FFA83FC03F0B3
S3150200310803022CD503695978490648D400240125B7
S3150200311880F82B50DC710168FFF7F6FCB32290F8B1
S315020031282630816980F82830036980F82C400162CC
S31502003138C46180F82A402946DA71FFF7C7FCEFF323
S315020031480383103B344A5BB203F5C65352F8231085
S3150200315821F4803142F8231052F8233038BD002A70
S3150200316856D11CF0080F0ED090F82B30002B3ED10A
S31502003178B32290F829100369C1F10301C9B2DA71C1
S31502003188FFF7A4FCDBE790F82C200CF004032AB323
S31502003198002BD4D090F82B30002B37D1E8E7002A41
S315020031A8B4D15A78C2F380115206DAD5082280F8C9
S315020031B82B105A70036801695A6A947913785279FE
S315020031C843EAC41343EA021343F00203DBB2CB70A9
S315020031D80269537943F001035371B0E7002BAED06D
S315020031E803685B6ADB79002BA9D00421C8E70023B0
S315020031F8B32190F826508469026980F82C3080F849
S3150200320828500462C36180F82A30D1710121B7E7D8
S3150200321803697BE7A8B00022006000401F2910B5A9
S315020032283FD84C2401F0070E04FB0EFECB080EEB2A
S31502003238832E0EF5126E8644DEF80030C3F38074D0
S315020032485471DEF8084004F00704946023F06044E1
S31502003258DB0F14601371DEF804301A4C1B0FE45CA2
S315020032680EF10C03947164B10C34A644AEEB030E52
S315020032784EF001E00B3213F801CB02F801CF0FF042
S3150200328807C01F2904D801238B40DB43436310BDC3
S3150200329827294FF0FF030FD9123900EB81014B6042
S315020032A810BD4FF04C0E0EFB010E27298CBFAEF552
S315020032B8C56EAEF58C6EBFE70E3900EB8100436032
S315020032C810BD00BF28B7000270B5456904460E4610
S315020032D898B0A5B160222946684603F085FA6022AD
S315020032E83146284603F080FA2846236998476069DA
S315020032F818B16022694603F077FA18B070BD0D4618
S31502003308F2E700BF10B40C06026801F00F0C37D4BE
S315020033185468630725D4E30702D4BCF1050F22D00B
S31502003328536823F0070343EA0C035360936803F0D8
S3150200333807039C45FAD1A40703680BD0CA0709D428
S315020033484268596D1269D269926902F001020A430A
S315020033585A6503685B685DF8044B03F00703037359
S315020033687047CB07D7D4536823F0070343F001030A
S315020033785360936803F00703012BFAD10268CFE77B
S31502003388946914F0010401D1CB0719D4936923F087
S31502003398070343EA0C039361D36903F007039C45C9
S315020033A8FAD10368002CD5D0CA07D3D44268126969
S315020033B8D2699168D9630368D2681A640368C9E74F
S315020033C8D36B23F00103D3630268136C23F0010362
S315020033D813640268536D23F0010353650268D5E747
S315020033E8002370B54468836094F91530002B0DDB11
S315020033F80121344D5A0903F01F03203201FA03F35F
S3150200340845F82230BFF34F8FBFF36F8F94F9173009
S31502003418002B0DDB01212B4D5A0903F01F03203225
S3150200342801FA03F345F82230BFF34F8FBFF36F8FCC
S3150200343894F91630002B0DDB0121224D5A0903F0AF
S315020034481F03203201FA03F345F82230BFF34F8FE8
S31502003458BFF36F8F23681C4DB3FA83F35B0955F8E4
S315020034682330F3B18121FFF74DFF8521FFF74AFF8C
S31502003478EFF31086012181F31088144A23689068B5
S31502003488C3F11B0301FA03F303439360936896207F
S3150200349800F064FD86F310880020236845F82300AF
S315020034A870BD8022074BC3F88020BFF34F8FBFF34E
S315020034B86F8F4FF48072C3F88020BFF34F8FBFF32C
S315020034C86F8FCFE700E100E058B0002200302040BD
S315020034D870B5137955791468DB0743EA857327298A
S315020034E8056843EA04033AD86C1894F8744024072A
S315020034F862D44C2404FB0155C5F804369479082C89
S3150200350803D9182C5BD924090B344C2301FB03F38A
S31502003518056826071D44C5F808669668056806F014
S3150200352807061D44C5F80C66957902F10C0C02686B
S3150200353803F5C2630C461344002D4AD045F001E058
S315020035481CF8012B03F8012B0FF007C02729036883
S315020035582CD80122234483F87020002070BD4C2603
S31502003568A1F1280406FB0455C5F8B8359379082B4A
S3150200357803D9182B28D91B090B331D074C2304FB27
S3150200358803F3066802F10C0C1E44C6F8BC5596688D
S31502003598056806F007061D44C5F8C06595790268F0
S315020035A803F2C4531344002DC8D11346FF2216341E
S315020035B803EB84035A60D0E74EF6632070BD083CDD
S315020035C8A4080834E4B2A0E7083B9B080833DBB238
S315020035D8D3E71346BDE700BF00222DE9F04FD1F825
S315020035E800900E6909F5003505F5E0756D03C0E929
S315020035F800518B6883B00361CB688A46C0E905230C
S315020036088046F769EFF31084012181F31088B94BDC
S31502003618C9F11B009A6801FA00F022EA00029A60D0
S315020036289B68962000F09AFC84F31088EC6914F0E3
S315020036380804FBD140468121FFF764FE4FF480302F
S315020036487A68AD4B6A61E862C5F8B0403A69AB4838
S315020036582A63BA68AA49EA63FA682A647A7D04621E
S315020036681201D2B283F80823D1F8202364F3104258
S31502003678C1F82023D1F82023BFF35F8F4FF480705F
S31502003688C3F8800118603A68AA61BA6922F0010291
S315020036986A65B9F1000F00F00E819A4BB9F1010F74
S315020036A843F8298040F002814FF0100E964B98623B
S315020036B837684FEA0E1EAEF1100E4FEA1E1E0EF1C5
S315020036C8010E4EF001E04FF4807B09F001090196E4
S315020036D804F11206C5F828B005EB061697E80F009E
S315020036E886E80F0005EB041CDCF82831103769F36D
S315020036F8C7130134CCF828310FF017C00024012172
S315020037084046AC62019EFFF7FDFDDAF804100B682D
S315020037184A68013B013AC3F3090343EA4243D1E942
S315020037280202411E43EA4163013A43EA82232B60BD
S3150200373871690B684A68013B013ADBB243EA022324
S31502003748D1E90202411E013A43EA014343EA02630E
S31502003758C5F8003173695A68337EFF2A28BFFF22EB
S315020037685B0243EA024343F4806343F00103C5F86C
S315020037780431B368C5F88830336943F003036B60D4
S315020037889AF91530A34227DB9AF8142003F160410F
S315020037981201D2B201F5614181F8002357495B4A09
S315020037A841F8238003F5C65152F8210064F310400C
S315020037B842F8210052F82120BFF35F8F01215A09EE
S315020037C8920003F01F0302F1604202F5614201FA18
S315020037D803F3C2F8803113609AF91730002B27DBFE
S315020037E89AF8142003F160411201D2B201F561413F
S315020037F881F800234149454A41F8238003F5C65119
S3150200380852F8210020F4803042F8210052F8212093
S31502003818BFF35F8F01215A09920003F01F0302F1D9
S31502003828604202F5614201FA03F3C2F8803113607D
S315020038389AF91630002B27DB9AF8142003F1604018
S315020038481201D2B200F5614080F800232B482F49B5
S3150200385803F5C65240F8238051F8220020F480303E
S3150200386841F8220051F82220BFF35F8F01215A093D
S31502003878920003F01F0302F1604202F5614201FA67
S3150200388803F3C2F88031136040468021FFF73AFD00
S315020038980021FFF737FD4FF0000300201C4AA8F865
S315020038A80C30C8F8082003B0BDE8F08FA8624FF0C4
S315020038B8010E3768FDE63A7D104F1201D2B2C7F8FB
S315020038C81C8083F80723D1F81C2369F31042C1F838
S315020038D81C23D1F81C23BFF35F8F8022C3F88021F3
S315020038E81A60084B4FF0010EC3F80080094B986224
S315020038F83768DEE60030204000E100E0A8B000228A
S3150200390800C0004058B00022002038400060004045
S315020039184446435200003840F0B599B0EFF30383AA
S31502003928103B5BB2072B3FD100272D4D05F1080648
S3150200393855F8044BCCB160220021684602F032FFEA
S315020039484FF48053ADF80430236869461B6A204653
S315020039581A0C1B0403EB0273029322689B03176279
S3150200396813D4A3690493FFF7AFFCB542E0D1072449
S315020039781C4A04F5C65352F8231021F4803142F842
S31502003988231052F8233019B0F0BD23689B6E93FAC0
S31502003998A3F3B3FA83F30393226802EB83035A6C05
S315020039A822F004025A64DCE71C460F4B602200210F
S315020039B8684653F8245002F0F5FE4FF4807300224D
S315020039C8ADF804302B686946DB6828469BB2029339
S315020039D82B68DA60AB690493FFF776FCC8E700BF89
S315020039E858B0002200600040A8B000222DE9F04736
S315020039F8294F98B0BA465AF8043BCBB1002674034D
S31502003A0804F1804404F56014E56E95FAA5F51DB136
S31502003A18B5FA85F5012D15DDE36E43B91F4AD2F8CD
S31502003A28201363F31041C2F82013D2F8203336B9B3
S31502003A38DAF800301BB101260AF1040ADFE718B0EA
S31502003A48BDE8F0874FF001084FF48062236E08FA4A
S31502003A5805F805F1200913EA080FCDF80C90ADF820
S31502003A68042011D14946204605AA0096FFF7D6FB3F
S31502003A78009B694657F8230083690493FFF724FCE1
S31502003A88236E13EA080FEDD004EB85056B6C23F061
S31502003A9808036B64C0E700BF58B0002200C00040AC
S31502003AA8F0B599B0EFF30384314B103C64B253F886
S31502003AB824707B68BA6919681D69009104923E6888
S31502003AC896F8A43033BB43E04FF400633A68803279
S31502003AD8ADF80430136893FAA3F31BB1B3FA83F370
S31502003AE8072B07DD536893FAA3F3002B3DD0B3FAED
S31502003AF883F320333968194491F8742022F00602B8
S31502003B0881F87420694638460393FFF7DDFB96F879
S31502003B18A430EBB196F8A430D907DAB2D4D4130795
S31502003B2811D5EA692823926912F4805F0CBF4FF413
S31502003B3800524FF40062ADF8042039688A6D22F00B
S31502003B4810028A65DEE73A684FF400738432BFE7EB
S31502003B58084B04F5C65453F8242022F4803243F85D
S31502003B68242053F8243019B0F0BD4023C2E700BF21
S31502003B78A8B000220060004070B598B0EFF3038643
S31502003B884FF4806228231B49103E76B251F826402C
S31502003B9861680968ADF80420039300912068036EF2
S31502003BA8DA0510D4144D282105AAFFF737FB009B26
S31502003BB8694655F8230083690493FFF785FB206855
S31502003BC8036EDB05EFD5836D23F00803836523684F
S31502003BD89B6D13F008030AD1084A06F5C65652F831
S31502003BE8261063F3104142F8261052F8263018B010
S31502003BF870BD00BFA8B0002258B000220060004085
S31502003C081E4A92F8263092F82420DBB202F00F02FE
S31502003C18A2F1080103292BD8DFE801F020160C02CD
S31502003C281749184A51F82330A2FB03231B09164ADF
S31502003C38136070471249134A51F82330A2FB032333
S31502003C48114ADB08136070470D490E4A51F82330B2
S31502003C58A2FB03230C4A9B08136070470849094ACA
S31502003C6851F82330A2FB0323074A5B081360704707
S31502003C78034951F82330D340D9E700BF00E0014099
S31502003C8860060022ABAAAAAAE8B00022704700BFC3
S31502003C98F8B54AF20350012379497A4AA1F8FA0398
S31502003CA8938093889BB2002BFBD101244FF40040EA
S31502003CB89FED6F6B9FED707B734B7449C3E90711D8
S31502003CC85961148083ED007F1861FFF799FF092275
S31502003CD806216B4B83F8501A83F8A22093F8002C1E
S31502003CE822B993F8013C980700F0BA80644C94F81C
S31502003CF8003C002B00F0A9800022614B83F8012CBE
S31502003D0883F8002C00235E4A82F8363082F8323075
S31502003D1892F83C301907FBD545F6017040F21111AD
S31502003D280023574C1085A2F84C1082F82A3094F8D2
S31502003D383C309B06FBD5042201250526514B544FE0
S31502003D481A77276284F8245084F82660FFF758FF0A
S31502003D582946962000F002F9002384F824302762C7
S31502003D68FFF74EFF2946962000F0F8F884F82660F9
S31502003D78FFF746FF4AF20152464B1A80BFF35F8F9E
S31502003D881D72BFF35F8F4FF42541198084F83050B6
S31502003D9884F8525084F8535094F87630384A43F0EF
S31502003DA8400384F8763092F87630DB09FBD0C523D7
S31502003DB8042082F86E0082F8763092F8763030491E
S31502003DC803F0BF0382F8763091F87630DB09FBD12F
S31502003DD891F855302A4A43F0400381F8553092F853
S31502003DE85530DB09FBD0C523022082F8540082F83D
S31502003DF8553092F85530224903F0BF0382F8553000
S31502003E0891F85530DB09FBD191F857301C4A43F03B
S31502003E18400381F8573092F85730DB09FBD0C023AC
S31502003E28022082F8560082F8573092F85730144921
S31502003E3803F0BF0382F8573091F85730DB09FBD1FC
S31502003E484FF42543A1F8FA33F8BD0121C82084F8B6
S31502003E58001C00F083F894F8003C012BFBD14BE7D9
S31502003E684FF47A70FFF712FF4CE700BFAFF30080FA
S31502003E78006CDC0200127A0000800000002D31017D
S31502003E8800E0014000C101406006002200389C1C87
S31502003E98322312310020004038B50025284C012172
S31502003EA8C82084F8285000F059F884F8245094F869
S31502003EB82430002BFBD194F82430214943F0020325
S31502003EC884F8243091F82430C3F340009B07F9D4D0
S31502003ED81B4A81F8220092F8223003F0FF00002BD9
S31502003EE8F9D192F84030164960F3C71382F8403088
S31502003EF891F84030DB09FBD191F84200104A63F38E
S31502003F08C71081F8420092F84230DB09FBD192F8D9
S31502003F1844000B4963F3C71082F8440091F8443011
S31502003F28C3F3C014DB09F9D1012000F0C3F8054B2D
S31502003F38012083F84C4CBDE8384000F08BB800BF2E
S31502003F480020204000E0014000BEFEE7000000001D
S31502003F58A0F101000028FBD1704700BF1E4B1F4A83
S31502003F681B6800FB01F1934213D302F1854202F565
S31502003F78071203F5742302F6834203F23F23A2FBD8
S31502003F8803239B0CA3FB01314FF0FF30E1B1FFF78E
S31502003F98DFBF4FF47A7210B4114C4FF0FF30B4FB06
S31502003FA8F3F3A1FB02C434B9BCFBF3F080B15DF8AC
S31502003FB8044BFFF7CDBFB1FBF3F1A1FB0212002AB6
S31502003FC8F5D1084620B1F2E71846002BDFD1704733
S31502003FD85DF8044B704700BFE8B0002200127A0071
S31502003FE800CA9A3B70B500240D4B0E4EB3F8002159
S31502003FF8B3F82051ADB2154025FA04F3DB0704D510
S3150200400856F82430E0B203B198470134102CF3D1A4
S31502004018034AA2F81051B2F820311D42FBD170BDF5
S3150200402800C0004060B0002200220D2310B40748E9
S31502004038074C30F8021B02F5C65C013209B144F896
S315020040482C10013BF5D15DF8044B7047A8B6000267
S3150200405800600040EFF31081012383F31088124BAE
S3150200406833F8102092B22AB133F81020013A92B2EC
S3150200407823F8102033F810309BB293B910B40B4AC8
S315020040880B4CB2F8FA3334F810009BB243F42543CA
S3150200409823EA0003A2F8FA3381F310885DF8044B89
S315020040A8704781F310887047DCB0002200E00140B7
S315020040B8B8B8000230B4EFF31081012383F31088F5
S315020040C80E4A32F810309BB26BB90D4C0D4DB4F84E
S315020040D8FA3335F810C09BB243EA0C0343F425437E
S315020040E89BB2A4F8FA3332F8103001339BB222F8A5
S315020040F8103081F3108830BC704700BFDCB0002254
S3150200410800E00140B8B8000208B502F057FB0C22DD
S3150200411803461A604FF0FF3008BD00BF00BE704765
S3150200412808B500F035F8FDF77DFFFEE7F8B5174F3D
S3150200413805463E68A6B17C6806EB460604EB86068B
S3150200414802E00C34B4420BD0637AAB42F9D1D4E91B
S3150200415800020021121A0C3402F024FBB442F3D1F5
S31502004168BE6896B1FC6804EB061602E01034A64255
S315020041780BD0637BAB42F9D1D4E90002A168121ACB
S31502004188103402F031FBA642F3D1F8BD38B700026B
S315020041985E4B5F4A70B55A61BFF34F8FBFF36F8F9D
S315020041A81B6803F47002B2F5801F00F0868013F4D0
S315020041B8600F6ED0574A136843F004031360BFF3C7
S315020041C84F8FBFF36F8F4FF47002534B4F4C002043
S315020041D8C4F88820A360FDF74BFEFFF759FD0120BE
S315020041E8FDF746FE4D4B83F30A884A4B1A68920737
S315020041F803D5A268B2F1007F63D00020FFF796FFCD
S31502004208FFF7FEFCFFF748FE0320FFF753FF0023E4
S315020042184FF00C0E1C464EF001E0414903F10C0228
S3150200422821F8224001330FF007C80320FFF712FFD7
S315020042380320FFF73FFF3B4B03205C609C60DC607A
S315020042481C61FFF707FF0220FDF712FE0120FFF7A8
S315020042586DFFBFF34F8FBFF36F8F2C4BC3F85042DE
S31502004268BFF34F8FBFF36F8F2F4B304D5B1B002B66
S315020042784FEAA30606DD002455F8043B01349847A5
S31502004288A642F9DCFFF7D0FEBDE87040002000F038
S315020042984FB8204A136843F004031360BFF34F8FE5
S315020042A8BFF36F8F4FF0E022936843F48033936035
S315020042B8BFF34F8FBFF36F8F85E719077FF47AAF86
S315020042C875E7012100261A695869C2F3C30309333F
S315020042D801FA03F3002400253246DB0843F005C041
S315020042E8E2E802450FF005C0C0F3C303093301FA39
S315020042F803F34FF00052DB0843F007C0AFF3008028
S31502004308E2E802450FF005C077E700BF00ED00E0DE
S3150200431801020E0000E001E0000000026002002235
S31502004328000D40400040204094BE000290BE0002AC
S31502004338704700BF4FF0FF31002200F10803C0E9C1
S315020043480131C0E903330260704700BF00230361ED
S31502004358704700BF30B40D686B1C10D000F108031B
S315020043681C465B681A68AA42FAD94B6099608C6047
S3150200437861600861036830BC0133036070470469F1
S315020043886368F2E70369D0E901128A6041685160FD
S315020043985A68824204BF82685A600022026118681B
S315020043A801381860704700BF70B51646026C04469D
S315020043B8856B2AB90668013510464EB3A56370BDEA
S315020043C88EB9406802F010FA6368216CA2680B4441
S315020043D89342636028BF236805F1010528BF63601D
S315020043E8A563002070BDC06802F0FEF9226CE3687E
S315020043F821689B1A8B42E360C2F1000202D2A368CB
S315020044081344E360022E08D00135A563002070BD6F
S31502004418A06801F0BBFAA660D0E7012D38BF0125D6
S31502004428DEE700BF70B50546FDF7F4FE95F84530A0
S315020044385CB2002C14DD05F1240603E0631EDAB231
S315020044485CB26AB16B6A5BB1304601F06DF900285D
S31502004458F4D001F037FA631EDAB25CB2002AF1D15F
S31502004468FF2385F84530FDF7FDFEFDF7D3FE95F8E7
S3150200447844305CB2002C14DD05F1100603E0631E1D
S31502004488DAB25CB26AB12B695BB1304601F04CF91B
S315020044980028F4D001F016FA631EDAB25CB2002ADA
S315020044A8F1D1FF2385F84430BDE87040FDF7DABE46
S315020044B870B5002848D0C56B0446002D3DD0026C65
S315020044C8A2FB0525002D38D10E46FDF7A3FED4E939
S315020044D80F30FF2100FB03F32268181A62601344A7
S315020044E80244A563C4E9023284F8441084F84510EC
S315020044F8BEB923691BB9FDF7B5FE012070BD04F1EB
S31502004508100001F011F90028F5D04FF08052124B35
S315020045185A60BFF34F8FBFF36F8FFDF7A3FE0120DB
S3150200452870BD04F11000FFF705FF04F12400FFF740
S3150200453801FFFDF797FE012070BD4FF4B671074BD8
S31502004548074A0848FFF700FD40F23711064B044AAE
S315020045580448FFF7F9FC00BF00ED00E0ECAE0002EC
S315020045686CB90002B8AE0002E4AE000270B582B0C1
S3150200457823B30546D8B10E461C4682B1B9B14823C3
S315020045880193019B482B20D101212046C4E90F56ED
S315020045982260019BFFF78CFF204602B070BD31B93D
S315020045A848230193019B482B0FD12246ECE74FF48F
S315020045B8D871094B094A0A48FFF7C6FC4FF4C2717B
S315020045C8084B064A0648FFF7BFFC4FF4CB71064B69
S315020045D8024A0348FFF7B8FC3CAF000250B9000292
S315020045E8B8AE000210AF000220AF000230B583B0A9
S315020045F8B8B1884203460D4613D31446FAB1482287
S315020046080192019A482A13D10022E3630121204626
S3150200461824602264019BFFF74BFF2046A56303B083
S3150200462830BD4FF45E71094B094A0A48FFF78CFC04
S315020046384FF4CB71084B094A0648FFF785FC4FF43D
S31502004648C271074B054A0348FFF77EFC48AF0002D2
S315020046582CB90002B8AE000220AF000250B900021F
S3150200466810AF00022DE9F04184B00192002800F053
S31502004678AF8004460F461E46002900F08B80022EA4
S3150200468803D1E36B012B40F09C8001F021F900284D
S3150200469867D0FDF7BFFDA26BE36B9A4253D3022E96
S315020046A851D00020DFF8448105460DE0FDF7DAFD1A
S315020046B82046FFF7B7FE00F013FEFDF7ABFDA26B2F
S315020046C8E36B01209A423ED3019B002B6DD0B0B317
S315020046D8FDF7C8FD00F0FCFDFDF79CFD94F844309B
S315020046E8FF2B08BF84F8445094F84530FF2B08BFC7
S315020046F884F84550FDF7B6FD02A801A901F09AF81B
S31502004708002858D1FDF786FDA26BE36B9A42CDD1FC
S31502004718FDF7A8FD019904F1100000F0B5FF204647
S31502004728FFF780FE00F0DCFD0028C6D14FF080536B
S31502004738C8F80430BFF34F8FBFF36F8FBDE702A8E7
S3150200474801F06CF8C4E7324639462046FFF72CFEDC
S31502004758636A83B9A8B9FDF785FD012004B0BDE8EF
S31502004768F081019B002B94D040F2BB311C4B1D4AB1
S315020047781D48FFF7E9FB04F1240000F0D5FF0028E5
S31502004788E9D04FF08052194B5A60BFF34F8FBFF3EF
S315020047986F8FE0E7036C002B3FF471AF40F2B7313D
S315020047A8134B104A1048FFF7CFFBFDF75BFD0020BD
S315020047B804B0BDE8F0812046FFF734FE00F090FD14
S315020047C8F5E74FF46E710B4B064A0748FFF7BCFB39
S315020047D840F2B631084B034A0348FFF7B5FB00BF60
S315020047E8F8AF000218B90002B8AE000200ED00E008
S315020047F850AF0002A8AF0002E4AE000230B583B0A3
S31502004808A1B348230193019B482B36D100250123E6
S315020048180C46C1E90F350960019AFDF7FBFCD4E99C
S315020048280F31FF2001FB03F32268591A6260134411
S315020048380A44C4E90232A56384F8440084F84500B0
S3150200484804F11000FFF776FD04F12400FFF772FD6C
S31502004858FDF708FD2B462A4629462046A56025600F
S31502004868E560FFF7FFFE204603B030BD4FF4C27184
S31502004878054B064A0648FFF767FB4FF4CB71054B13
S31502004888024A0348FFF760FB10AF000250B9000264
S31502004898B8AE000220AF00022DE9F04100284ED042
S315020048A804460D4617461E4600293ED0022E2CD136
S315020048B8E36B012B4AD1FDF751FDEFF31188102363
S315020048C883F31188A36B94F845302946A06B5DB231
S315020048D832462046FFF768FD6B1C0AD1636A93B11C
S315020048E804F1240000F020FF68B167B101233B60A0
S315020048F809E000F05BFE854205D27F2D2DD00135F9
S315020049086DB284F8455001200BE0FDF727FDEFF361
S315020049181188102383F31188A26BE36B9A42D2D3D0
S31502004928002088F31188BDE8F081036C002BBDD006
S3150200493840F291410C4B0D4A0D48FFF705FB4FF427
S3150200494892610C4B094A0A48FFF7FEFA40F2924175
S31502004958094B064A0648FFF7F7FA40F21E51074B7B
S31502004968024A0348FFF7F0FA50AF0002FCB8000209
S31502004978B8AE0002E4AE0002A8AF00024CB00002D4
S31502004988F0B585B00192002800F0A38004460E46D1
S3150200499800296ED000F09CFF002857D0FDF73AFC9C
S315020049A8A56B002D6FD1019B002B35D002A800F014
S315020049B835FF2F46FDF756FC00F08AFCFDF72AFC68
S315020049C894F84430FF2B08BF84F8447094F84530B5
S315020049D8FF2B08BF84F84570FDF744FC01A902A81D
S315020049E800F028FFE8B9FDF715FCA36B33BBFDF70A
S315020049F839FC019904F1240000F046FE2046FFF72F
S31502004A0811FD00F06DFC58B3FDF704FCA56B002DF3
S31502004A1839D1019B002BCDD1FDF724FC002005B02E
S31502004A28F0BD2046FFF7FEFC00F05AFCFDF7F2FB4C
S31502004A38A36B002BF0D0FDF715FCE5E7FDF712FC9A
S31502004A482046FFF7EFFC00F04BFCDDE7019B002B4D
S31502004A58A4D040F2F251224B224A2348FFF774FAB5
S31502004A684FF08052214B5A60BFF34F8FBFF36F8FBF
S31502004A78CAE7036C002B8DD040F2ED511C4B194A44
S31502004A881948FFF761FA226C5AB1D4E90231114486
S31502004A989942E16028BF2168304628BFE16001F0EB
S31502004AA8A3FE2369013DA56323B9FDF7DBFB0120BC
S31502004AB805B0F0BD04F1100000F036FE0028F4D06F
S31502004AC84FF08052094B5A60BFF34F8FBFF36F8F77
S31502004AD8EBE740F2E951074B024A0348FFF734FA7B
S31502004AE8F8AF0002ECB80002B8AE000200ED00E032
S31502004AF8FCB00002F0B00002F0B585B001910028C2
S31502004B0800F0BA80066C0446002E40F0AE8000F033
S31502004B18DFFE0546002855D03546FDF77BFBA36B1D
S31502004B280027002B41D1019B002B7FD0002D63D09B
S31502004B38FDF798FB00F0CCFBFDF76CFB94F84430CC
S31502004B48FF2B08BF84F8447094F84530FF2B08BF42
S31502004B5884F84570FDF786FB01A902A800F06AFEF3
S31502004B6800283AD1FDF756FBA36B002B4BD1FDF774
S31502004B7879FB2368002B5CD0019904F1240000F02C
S31502004B8883FD2046FFF74EFC00F0AAFB38B94FF02A
S31502004B9880523D4B5A60BFF34F8FBFF36F8FFDF7BD
S31502004BA839FBA36B0125002BBDD02268013BA36309
S31502004BB8002A56D02369002B44D1FDF753FB012066
S31502004BC805B0F0BD019B0646002BA6D040F28B61CC
S31502004BD82E4B2F4A2F48FFF7B7F92046FFF722FC3C
S31502004BE800F07EFBFDF716FBA36B4BB9FDF73AFB0C
S31502004BF88EB9002005B0F0BD02A800F00FFE97E7B7
S31502004C08FDF730FBCBE7FDF72DFB2046FFF70AFC45
S31502004C1800F066FBC3E7FDF7FDFA616A19B1236B7B
S31502004C281968C1F10601A06800F006FFFDF71AFB34
S31502004C38DFE7FDF7EFFAA06800F05AFE0646FDF731
S31502004C4811FB99E704F1100000F06EFD0028B4D0BC
S31502004C584FF080520C4B5A60BFF34F8FBFF36F8FE2
S31502004C68ABE700F049FFA060A4E740F286610A4B71
S31502004C78074A0848FFF768F940F28261074B044A77
S31502004C880448FFF761F900BF00ED00E0F8AF000243
S31502004C98D8B80002B8AE000270B00002F0B0000246
S31502004CA870B518B3F1B10024144D0A222B46A44656
S31502004CB805E0013A0CF1010C03F108030FD05E6816
S31502004CC8864210D0002CF4D155F83C600CF1010C48
S31502004CD8002E08BF1C46013A03F10803EFD10CB1B6
S31502004CE8C4E9001070BD05EBCC04F9E740F6C931FA
S31502004CF8034B044A0448FFF727F900BFF0B0002225
S31502004D08B0AE0002C4B80002B8AE000270B50446DE
S31502004D180E461546FDF77EFA94F84430FF2B04BF7B
S31502004D28002384F8443094F84530FF2B04BF00234F
S31502004D3884F84530FDF796FAA36B23B12046BDE801
S31502004D487040FFF76FBB04F124002A46314600F093
S31502004D58B9FC2046BDE87040FFF764BB2DE9F8436D
S31502004D680446264B2648274A274DD0F8009017684E
S31502004D78D3F8008028680E460430FFF703FB631C4D
S31502004D8817D02B6819EB04045C600BD229683846E5
S31502004D980431FFF7DFFA1D4B1A68A24200D91C60DC
S31502004DA8BDE8F88329684046BDE8F8430431FFF7B1
S31502004DB8D1BA76B92B6809F1FF325A60B9F1000FF8
S31502004DC8F0D1296838460431FFF7C4FA0F4B1B683D
S31502004DD8E6E70F4B2A6859682C6891602A68886842
S31502004DE80432E060426028681A682C68043001328E
S31502004DF888601A606361BDE8F88300BFACB100221F
S31502004E0864B10022B0B1002254B2002248B1002295
S31502004E186CB1002280B54FF08059124C124E134DD8
S31502004E28134FDFF850800EE0FDF7F4F9F368D868FF
S31502004E380430FFF7A7FA2B68013B2B602368013B76
S31502004E482360FDF70FFA2368002BEDD13B68012B8F
S31502004E5805D9C8F80490BFF34F8FBFF36F8FFDF7DC
S31502004E681FFAF0E780B1002284B1002268B100225D
S31502004E78DCB1002200ED00E02DE9F84F594B1C6821
S31502004E8801341C60002C00F08280DFF87C81D8F89F
S31502004E9800309C4273D3544D2B681868002800F0E2
S31502004EA88D800020DFF864B10646504ADFF860C1FB
S31502004EB85CE0D9689F68D3F81490B9609F6803F1DB
S31502004EC8040E4F60D9F80410714504BFD968C9F8B1
S31502004ED804105E61D9F800100139C9F80010D3F838
S31502004EE82890B9F1000F13D0D3E90771B960DF69C9
S31502004EF803F1180A4F60D9F80410514504BF196A1C
S31502004F08C9F804109E62D9F800100139C9F80010D0
S31502004F18D96ADBF80090494588BFCBF8001001EB47
S31502004F28810102EB810149689960D1F80890C3F8BA
S31502004F380C90C9F804E0C1F808E0D96ADCF80090D8
S31502004F4801EB810E02EB8E01596152F82E10D5F84B
S31502004F5800A0013142F82E10D3F82CE0D9F82C1013
S31502004F68DAF800308E4588BF01203BB32B68DB6830
S31502004F78DB6859688C429CD2C8F8001000E0002011
S31502004F881B4B1B68002B18BF0120BDE8F88F164B78
S31502004F981A681268FAB9174A1868156816491D6018
S31502004FA810600A6801320A601A6812685AB94FF024
S31502004FB8FF33DFF85480C8F8003068E74FF0FF3354
S31502004FC8C8F80030DCE71B68DFF83C80DB681B6842
S31502004FD8C8F800305BE741F25F21084B084A0948E6
S31502004FE8FEF7B2FF64B10022B0B10022DCB10022A2
S31502004FF854B10022ACB1002250B100228CB1000299
S315020050083CBA000260B1000248B1002260B1002237
S3150200501854B200222DE9F04782B00C9CDDE90A6AF7
S31502005028BAF1000F00F0D580002C00F0CB8098462C
S31502005038682301931546019A9A4240F0BC80894634
S3150200504805F18045013D0746002120460AEB850504
S31502005058019B25F0070501F0A5FBC4F830A0B9F1BC
S31502005068000F10D04FF0100C09F1FF3E04F1330384
S315020050781EF9011F03F8011F11B1BCF1010CF7D18A
S31502005088002384F84330052E00F28E8004F10409C9
S315020050984846E6626664FFF759F9C6F1060604F160
S315020050A81800FFF753F943463A462846216B24610E
S315020050B8A6616462FDF798F82060FDF7ABF8484AE6
S315020050C8484D1368013313602B68002B40D0464FB6
S315020050D8E36A3A68002A34D0444E454945480A6884
S315020050E801320A6002689A4238BF036003EB8303FF
S315020050F806EB83035B68A3609A68E260C2F80490D1
S31502005108C3F80890E36A03EB83039A0006EB83036A
S315020051186361B3580133B350FDF7A4F83B6863B132
S315020051282A68E36AD26A9A4207D24FF08052324B11
S315020051385A60BFF34F8FBFF36F8F204602B0BDE8A8
S31502005148F0872A68294ED26A934228BF2C60C4E7A0
S315020051582C601368012B03D0E36A244E224FBCE766
S31502005168224E374606F1780838461437FFF7E2F832
S31502005178B845F9D1DFF8B880204F4046FFF7DAF88C
S315020051883846FFF7D7F81E48FFF7D4F81D48FFF749
S31502005198D1F81D48FFF7CEF81C4BC3F800801C4B0C
S315020051A81F60E36A104F98E740F26471194B1A4A76
S315020051B81A48FEF7C9FE40F2FA41194B194A17482E
S315020051C8FEF7C2FE40F2F241174B164A1348FEF7A3
S315020051D8BBFE40F2F141154B124A1048FEF7B4FEE7
S315020051E868B1002254B200225CB10022DCB100226E
S315020051F84CB1002260B1002200ED00E0B4B10022F9
S3150200520898B1002284B100226CB10022B0B100220A
S31502005218ACB100225CB2000290BA000260B1000290
S3150200522840B20002A8BA000224B2000204B2000286
S31502005238C8B1002230B500248DB01B4B07AA06A9B7
S3150200524805A80893CDE905448DF82440FCF70CFF20
S315020052580699059D2346CDE901151448079A009437
S3150200526808A9FFF7D7FE124B186018B9114B1B682D
S315020052780DB030BD00F0F2FD012808D00130F5D19D
S3150200528840F6A9610C4B0D4A0D48FEF75DFE80F308
S3150200529810884FF0FF350B490B4A0C4B0D60106016
S315020052A81C60FDF73DF8E1E749444C451D4E0002F6
S315020052B844B10022BCBA000270B2000260BA00020F
S315020052C860B1000248B100225CB1002264B100223A
S315020052D8024A136801331360704700BF40B10022C7
S315020052E82DE9F047604CFCF795FF2368002B00F088
S315020052F8B3802368013B23602068002840F09E8023
S315020053085A4B1B68002B00F09980594D2B68002BCD
S3150200531800F09F804FF0010C564E574ADFF86CA1F9
S31502005328DFF87881EB68DB68196ADF69D3F828E069
S31502005338B960DF6903F118094F60DEF804104945C0
S3150200534804BF196ACEF804109862DEF80010013913
S31502005358CEF80010D9689F68D3F814E0B9609F6840
S3150200536803F104094F60DEF80410494504BFD96801
S31502005378CEF804105861DEF800100139CEF8001094
S31502005388D96AD6F800E0714588BF316001EB810120
S3150200539802EB810149689960D1F808E0C3F80CE08C
S315020053A8CEF80490C1F80890D96A01EB810E02EB97
S315020053B88E01596152F82E10013142F82E10DAF890
S315020053C800E0D96ADEF82C3099422B6888BFC8F803
S315020053D800C0002BA6D1294B1A681268002A33D0BE
S315020053E81A68274BD26812681A60264E356895B134
S315020053F8012706E0FFF740FD08B1C8F80070013D35
S3150200540808D02368002BF5D03368013D03F1010368
S315020054183360F6D13560D8F800307BB14FF0805250
S31502005428194B1A4909685A60BFF34F8FBFF36F8F3A
S315020054380124FCF717FF2046BDE8F0870024FCF795
S3150200544811FF2046BDE8F0874FF0FF320C4B1A6079
S31502005458CBE7DFF84880C8E740F68B710C4B0D4A5C
S315020054680D48FEF771FD00BF40B1002268B1002267
S3150200547898B1002260B10022DCB10022B0B100224C
S3150200548848B1002258B1002200ED00E054B20022D1
S3150200549884B2000250BA000260B1000254B100227E
S315020054A810B500283AD0002931D0204B1A680132AB
S315020054B81A601F4A14681B68012B21D10268531807
S315020054C82CBF01210021A24215D809B99C4214D247
S315020054D803600021181BFFF741FC0124FFF700FFB8
S315020054E838B94FF08052134B5A60BFF34F8FBFF350
S315020054F86F8F204610BD0029E8D100240360EDE72E
S3150200550840F638110C4B0D4A0D48FEF71DFD4FF4B7
S3150200551813610C4B094A0A48FEF716FD40F62F118D
S31502005528094B064A0648FEF70FFD00BF40B10022A6
S3150200553864B1002200ED00E0CCB2000280BA00029B
S3150200554860B10002B4B20002A0B2000208B560B1AE
S315020055580E4B1A6801321A601B68012B0ED1002104
S31502005568FFF7FCFBFFF7BCFE38B94FF08052084B39
S315020055785A60BFF34F8FBFF36F8F08BD40F68E1187
S31502005588044B054A0548FEF7DFFC00BF40B100227E
S3150200559800ED00E0CCB2000274BA000260B100026B
S315020055A8014B1868704700BF64B10022014B1868A6
S315020055B8704700BF68B10022054B1B680BB9FFF79D
S315020055C85BBC044A0020136801331360704700BFAE
S315020055D840B1002258B10022234B1B681BB101229D
S315020055E8224B1A60704770B5204A214D13602A680B
S315020055F82B6812681B6B9A4228D91E4E1E4C3168BC
S3150200560801EB810354F823008A0004EB830360B993
S315020056180A4621B920E0013AA3F114031CD053F833
S31502005628140C01390028F6D08A00531804EB8302B9
S315020056381446536808345B68A342536004BFD368B0
S315020056485360DB682B6031602B6870BD2968286857
S315020056583431FCF719FCD0E741F2FA31074B084A14
S315020056680848FEF771FC00BF40B1002254B100227F
S3150200567854B2002260B10022DCB10022E8B2000274
S3150200568828BA000260B1000210B558B10C46094B9F
S3150200569819681831FEF75EFE2046BDE81040012162
S315020056A8FFF75CBB4FF4A451034B044A0448FEF7C8
S315020056B84BFC00BF54B20022F8B2000210BA000234
S315020056C860B10002F8B50346F8B108461146124C15
S315020056D85A682568D4F800C0EA61266825682768EA
S315020056E805F1180495681836CCF820506E60946057
S315020056F8BB621A68002902F101021A6018BF4FF04C
S31502005708FF30BDE8F840FFF729BB41F2BE41034B23
S31502005718034A0448FEF718FC54B20022F8B2000203
S31502005728F0B9000260B1000238B5C368DB68002B25
S315020057385BD0D3E907019A6A8160DC6903F1180034
S315020057484C6051682C4C814208BF196A246808BF0C
S31502005758516000219962116801391160ACB1274A7A
S31502005768D2E90041D9618D6801341D62146068600E
S3150200577888609A622249DA6A0B68DB6A9A4232D9E7
S315020057880123204A1846136038BD5A69D3E9020133
S3150200579881609C68181D4C6051681B4C814208BF89
S315020057A8D968256808BF5160002159611168013915
S315020057B81160DA6A1549AA4288BF226002EB8202A0
S315020057C801EB820252689A609468DC6060609060BD
S315020057D8DA6A02EB820201EB82005861920088586B
S315020057E801308850C6E7002038BD41F2F541084B22
S315020057F8084A0948FEF7A8FB40B1002298B10022E0
S3150200580854B2002254B1002260B10022DCB1002257
S3150200581804B30002D4B9000260B10002034A044B81
S3150200582812681B68C0E90023704700BF50B1002206
S3150200583864B10022F8B550B30D4679B30446FCF7B5
S31502005848E9FC2B68194A581C11681BD0DFF870C08E
S315020058582668DCF800706068BE4208D0884206D81E
S31502005868002301242B60FCF7FDFC2046F8BD0F1A25
S31502005878BB42F5D95B1ADCF80010126803442B60A8
S31502005888C4E900120024FCF7EDFC2046F8BD41F2FB
S31502005898A551074B074A0848FEF756FB41F2A6519F
S315020058A8064B044A0448FEF74FFB00BF64B10022C8
S315020058B814B30002BCB9000260B1000220B30002B0
S315020058C850B100220122014B1A60704754B10022DE
S315020058D8054B1B6833B1054B1868B0FA80F04009CE
S315020058E840007047012070475CB1002240B1002297
S315020058F8F8B50446C8B1224DC36A2A68D26A9342E9
S3150200590814D28269002A04DB2A68D26AC2F1060224
S3150200591882611C4E626903EB830306EB83039A4298
S315020059280CD02B68DB6AE3620120F8BD2B68406C59
S31502005938DB6A98422CBF00200120F8BD271D384695
S31502005948FEF720FD104A2B681168DB6A8B42E36278
S3150200595888BF136003EB830306EB83035B68A360CC
S315020059689A68E26057609F60E36A03EB830306EB7B
S31502005978830262619B00F2580132F250D4E700BFFB
S3150200598854B20022DCB1002260B1002288B138B5D7
S31502005998224B04461B68834232D19B6C002B36D0BD
S315020059A8C16A426C013B9142836400D01BB100205C
S315020059B838BD00207047051D2846FEF7E3FC636CD8
S315020059C8174AC3F10600A06101201168E3628B42FF
S315020059D888BF1360134A03EB830302EB83035B68F6
S315020059E8A3609968E1604D609D60E36A03EB8303F7
S315020059F802EB830161619B00D1580144D15038BD45
S31502005A0841F62821084B094A0948FEF79DFA41F64C
S31502005A182921084B054A0648FEF796FA54B200228F
S31502005A2860B10022DCB1002230B30002A4B9000240
S31502005A3860B1000248B3000270B170B5826C0446C8
S31502005A48002A3CD0406CE36A814238BF01468B4249
S31502005A5801D0012A01D070BD7047204A1268A242BD
S31502005A6834D0A2691E4D002A03EB83036269E16200
S31502005A7805EB8303A4BFC1F10601A1619A42EAD1EB
S31502005A88261D3046FEF77EFC164AE36A11688B42EB
S31502005A9888BF136003EB830305EB83035B68A3608C
S31502005AA89A68E26056609E60E36A03EB830305EB3D
S31502005AB8830262619B00EA580132EA5070BD41F6E0
S31502005AC88621094B094A0A48FEF73EFA41F6A12100
S31502005AD8084B064A0648FEF737FA00BF54B20022B8
S31502005AE8DCB1002260B1002248B3000280B900028C
S31502005AF860B1000260B30002034B186810B1836CF0
S31502005B0801338364704700BF54B20022F0B5144CC7
S31502005B1883B0FCF77FFB256825B103B0BDE8F040EA
S31502005B28FCF7A0BB0F4F104E3846FEF703FC304673
S31502005B38FEF700FCDFF840E0DFF840C000950C21D4
S31502005B480A200A4B0A4ACEF80070CCF80060FEF723
S31502005B580DFD20600028E0D00649FFF7A1F8DCE732
S31502005B6820B3002240B300222CB3002258B20022EE
S31502005B78A0B2002278B3000228B3002224B300227E
S31502005B882DE9F047DFF884900546D9F800300F462C
S31502005B98DB68DC6804F104084046FEF7F3FB94F878
S31502005BA824305A070ED423F0010384F82430204601
S31502005BB8236ABDE8F047184793421BD82046236A52
S31502005BC898473546A3697A1BEE182CBF0121002196
S31502005BD8B74266602461EFD2AF4201D20029EDD006
S31502005BE8D9F800004146FEF7B5FB2046236ABDE810
S31502005BF8F0471847044B41461868FEF7ABFB2046A8
S31502005C08236ABDE8F047184724B3002228B30022C6
S31502005C182DE9F04F0027894D894E8A4CDFF83882E4
S31502005C2885B02B68D3F800B0BBF1000F00F0B18045
S31502005C38DB68D3F800B0FFF74BFBFFF7B1FC33681C
S31502005C488246834243D88345306040F2BE800022B2
S31502005C582068ABEB0A01FFF759F8FFF741FB38B9A1
S31502005C684FF08053784A5360BFF34F8FBFF36F8F5D
S31502005C78CDE9017703970022206801A9FEF780FE85
S31502005C880028CED0019B002BF5DBDDF80CA0DAF854
S31502005C9814301BB10AF10400FEF774FBFFF780FC0F
S31502005CA833688346984226D3019BC6F800B0013B67
S31502005CB8082BE0D8DFE803F029294D544D29294D50
S31502005CC85400DB684FF0FF311868FFF759FF2B685D
S31502005CD81A68002AF5D1D8F80020C6F800A02A606A
S31502005CE8C8F80030FFF7FCFAC2E7DB684FF0FF316D
S31502005CF81868FFF745FF2B681A68002AF5D1D8F805
S31502005D080020C8F800302A60CEE79AF82410029AD2
S31502005D18DAF8183041F0010CD0188AF824C02CBFE2
S31502005D284FF0010C4FF0000C5845CAF80400CAF8A7
S31502005D3810A03FD8ABEB0202934223D84A074BD4B2
S31502005D4821F001018AF824105046DAF820309847E3
S31502005D5891E79AF8243023F001038AF824308AE777
S31502005D689AF82420029B42F001028AF82420CAF8F3
S31502005D781830002B5AD05B445B45CAF80430CAF87F
S31502005D8810A01CD8D8F800000AF10401FEF7E2FABE
S31502005D9871E7FFF79DFAFFF703FC336882469842DC
S31502005DA895D3D8F80030C6F800A01A68B2FA82F27B
S31502005DB852094DE75A4502D9BCF1000FBED02868F0
S31502005DC80AF10401FEF7C6FA55E7FFF789FA5146C2
S31502005DD85846FFF7D5FE4BE7029A1A440AE0ABEBA0
S31502005DE8020293421BD8DAF82030504698474A46B0
S31502005DF8DAF8183013EB02092CBF01200020CB4534
S31502005E08CAF80490CAF810A0E9D2934501D200282C
S31502005E18E9D028680AF10401FEF79CFA94E7D8F853
S31502005E2800000AF10401FEF795FA8DE74FF4826144
S31502005E38064B074A0748FEF787F800BF28B3002231
S31502005E4818B3002220B3002200ED00E0B4B300022A
S31502005E58C0BA000288B3000224B3002230B589B062
S31502005E68FFF754FE114B1B68CBB10024032507AA82
S31502005E7806A905A8CDE90544FCF704F92346069ABE
S31502005E88059C0B49CDE901240A48079A0095FFF7B4
S31502005E98C1F8094B186010B1012009B030BD4FF4A2
S31502005EA8A371064B064A0748FEF74EF820B30022AE
S31502005EB8DCB30002195C00021CB30022E4B3000240
S31502005EC8DCBA000288B30002F0B52DED028BB0EE03
S31502005ED8408B85B017460C460D9D18EE902A0C9EEF
S31502005EE825F02005002AB6BF2D220022B1EE408BEE
S31502005EF8462D1A7004D0452D00D10134022100E046
S31502005F08032103ABB0EE480B2246019302AB009382
S31502005F18334600F00DFD472D14D1FB070AD50219A9
S31502005F28B5EE408B3021F1EE10FA08BF0392039BBF
S31502005F38934219D3039B0E9A1B1A136005B0BDEC44
S31502005F48028BF0BD462D00EB0402E9D10378302B13
S31502005F5807D1B5EE408BF1EE10FA1CBFC4F101046D
S31502005F68346033681A44DBE75C1C03941970DEE775
S31502005F78F7B500290270BABF49422D232B230929F6
S31502005F88437028DD0DF107030A271D461A46013B11
S31502005F98B1FBF7F607FB1614303402F8014C0C462F
S31502005FA83146632CF2DC3031941E03F8011C411C85
S31502005FB82346AB420AD30DF109039B1AAC4288BFAA
S31502005FC8002302330344181A03B0F0BD13F8016B19
S31502005FD801F8016FEDE7302330318370031DC1707C
S31502005FE8F1E70000000000002DE9F04F8DB00C46E5
S31502005FF816461F46DDF85880054600F0DBFBD0F84A
S3150200600800B0584600F0FDFB002394F818900A9356
S31502006018D8F8003022680733059023F0070303F106
S315020060280801C8F8001093ED000B9FED976BB0EED0
S31502006038C07B84ED120BB4EE467BF1EE10FA24DD3A
S31502006048B5EEC00BF1EE10FA02D52D2384F84330D3
S315020060588F49904BB9F1470F8CBF8846984622F074
S31502006068040203234FF0000A2260236133460BAA77
S3150200607821462846009700F0D1F9013040F0898080
S315020060884FF0FF300DB0BDE8F08FB4EE400BF1EEE5
S3150200609810FA09D710EE903A7F49002BBCBF2D2380
S315020060A884F843307D4BD5E7636809F0DF0A591C4B
S315020060B839D10623636042F48062002328462260AF
S315020060C803930AABCDE9019309AB00930DF12303C0
S315020060D86168FFF7F9FEBAF1470F8046099929D197
S315020060E8C81C02DB6368994241DDA9F102095FFA1D
S315020060F889F901394A4604F150000991FFF738FF38
S315020061080A9A82461318012A236102DC2268D207F8
S3150200611801D5013323619DF82330002BA6D02D2308
S3150200612884F84330A2E7BAF1470FC4D1002BC2D193
S315020061380123BFE7B9F1650FDBD9B9F1660F18D1AB
S31502006148002963680BDD216113B92268D00702D5DD
S3150200615801330B4423614FF0000AA165DBE713B94B
S315020061682268D20701D50233F4E70123F2E74FF09A
S3150200617867090A9B994205DB23682161D807EAD594
S315020061884B1CE7E70029D4BFC1F1020201221344DE
S31502006198E0E723685A0507D423694246314628466A
S315020061A8B84701302AD16BE7B9F1650F40F2E080B2
S315020061B894ED127BB5EE407BF1EE10FA33D1012352
S315020061C8374A31462846B84701303FF459AFDDE928
S315020061D80938434502DB2368D8070FD5059B5A467B
S315020061E831462846B84701303FF44AAF4FF0000916
S315020061F808F1FF3804F11A0AC84509DC23689B0727
S3150200620800F10781E0680B9B9842B8BF184639E748
S315020062180123524631462846B84701303FF430AF8B
S3150200622809F10109E8E7099B002B3BDC01231C4A1B
S3150200623831462846B84701303FF422AFDDE909392D
S3150200624859EA030302D12368D907D7D5059B5A46CB
S3150200625831462846B84701303FF412AF4FF0000ADC
S3150200626804F11A0B099B5B42534501DC4B4694E742
S3150200627801235A4631462846B84701303FF400AF53
S315020062880AF1010AEEE700BFFFFFFFFFFFFFEF7FFC
S31502006298F6BA0002F2BA0002FEBA0002FABA00021E
S315020062A802BB0002A36DDDF828A05345A8BF5346DA
S315020062B8002B994637DC002329EAE97904F11A0208
S315020062C80793A36D07990693A3EB09038B4231DC67
S315020062D8099B9A453BDC2368DA0738D4099BAAEB63
S315020062E80309069BAAEB03039945A8BF9946B9F188
S315020062F8000F34DC4FF0000829EAE97904F11A0B99
S31502006308099BAAEB0303A3EB090343457FF776AF81
S3150200631801235A4631462846B84701303FF4B0AE03
S3150200632808F10108ECE7424631462846B8470130EB
S31502006338C1D1A5E60123314628460692B84701305F
S315020063483FF49EAE079B069A01330793B9E7059B6E
S315020063585A4631462846B8470130BFD190E6069AD2
S315020063684B46314628464244B8470130C2D187E6F1
S31502006378DDF82890B9F1010F01DCDB0736D50123D8
S31502006388424631462846B84701303FF479AE059B66
S315020063985A4631462846B84701303FF471AE09F1EC
S315020063A8FF3994ED127BB5EE407BF1EE10FA18D068
S315020063B84B4608F1010231462846B84701300CD14E
S315020063C85EE601235A4631462846B84701303FF46D
S315020063D857AE08F10108C845F3DB534604F15002EB
S315020063E8DCE64FF0000804F11A0BF4E701234246F3
S315020063F8E1E701234A4631462846B84701303FF4C9
S315020064083FAE08F10108E3680B995B1A4345F0DCD5
S31502006418F8E64FF0000804F11909F4E72DE9F04708
S31502006428164698468A6807460B690C46DDF8209098
S315020064389342B8BF1346336091F843200AB1013339
S3150200644833602368990642BF33680233336025688E
S3150200645815F0060506D104F1190AE36832689B1A93
S31502006468AB422BDC94F843302268003B18BF012369
S31502006478920630D404F1430241463846C8470130F1
S3150200648823D023681A3454F80A2C03F00603042B83
S315020064980ABF54F80E5C002533684FF0000608BFA1
S315020064A8ED1A54F8123C08BF25EAE5759342C4BFB3
S315020064B89B1AED18B5421AD1002008E0012352466C
S315020064C841463846C847013003D14FF0FF30BDE890
S315020064D8F0870135C1E7E1185A1C302002332244FD
S315020064E881F8430094F8451082F84310C2E7012365
S315020064F8224641463846C8470130E6D00136D9E732
S315020065082DE9FF470F7E914680460C46782F9A461C
S315020065180C9E01F1430207D8622F0AD8002F00F019
S31502006528D180582F00F0B88004F1420684F84270F0
S315020065383AE0A7F16303152BF6D801A151F823F027
S31502006548A1650002B56500023165000231650002E7
S315020065583165000231650002B56500023165000247
S31502006568316500023165000231650002B366000238
S31502006578DF6500026D6600023165000231650002C0
S31502006588D566000231650002DF6500023165000248
S31502006598316500027566000233681A1D1B6832608F
S315020065A804F1420684F8423001239CE033682068ED
S315020065B8191D3160060601D51D6803E04506FBD59F
S315020065C8B3F90050002D03DA2D236D4284F84330C7
S315020065D858480A2311E021683368080653F8045B11
S315020065E802D4490648BFADB26F2F3360514814BF73
S315020065F80A230823002184F843106668002EA66041
S3150200660805DB21682E4321F0040121604BD0164692
S31502006618B5FBF3F103FB1157C75D06F8017D2F465B
S315020066280D46BB42F4D9082B0BD12368DF0708D5E0
S31502006638236961689942DEBF302306F8013C06F1F8
S31502006648FF36921B22614B4603AA21464046CDF8E5
S3150200665800A0FFF7E3FE01304AD14FF0FF3004B045
S31502006668BDE8F087236843F0200323607827324881
S31502006678236884F845701F06316851F8045B02D412
S315020066885F0648BFADB23160D90744BF43F0200365
S3150200669823601DB11023ADE72648E9E7236823F0F6
S315020066A820032360F6E71646BDE733682568181DFA
S315020066B8616930602E061B6801D5196002E068061A
S315020066C8FBD51980002316462361BCE733680021EF
S315020066D81A1D32601E686268304600F077F808B103
S315020066E8801B606063682361002384F84330AAE74D
S315020066F82369324649464046D0470130ADD0236821
S315020067089B0713D4E068039B9842B8BF1846A6E7CE
S315020067180123324649464046D04701309DD00135CD
S31502006728E36803995B1AAB42F2DCEBE7002504F156
S315020067381906F5E704BB000215BB00020CB4184B98
S3150200674830B50C1E9DB01D6808DA8B234FF0FF305A
S315020067582B601DB0BDE8304002B070474FF402739B
S315020067680290069002A9ADF8143014BF04F1FF3363
S315020067782346209A2846049307934FF6FF73ADF8EB
S31502006788163021AB019301F0FFFA431CBCBF8B23E1
S315020067982B60002CDDD0029B00221A70D9E700BFBD
S315020067A88800002202440346934200D1704703F848
S315020067B8011BF9E700487047C8010022014B186817
S315020067C8704700BF8800002270477047C9B2034667
S315020067D8024410B59342184601D1002003E004781A
S315020067E801338C42F6D110BD0A44431E914200D1B0
S315020067F8704710B511F8014B914203F8014FF9D1D0
S3150200680810BD034613F8012B002AFBD1181A0138CA
S3150200681870472DE9F74F036907460C69A342C0F290
S315020068288380013C00F1140501F11408A30055F810
S31502006838242008EB8409009305EB8403019358F896
S31502006848243001339A42B2FBF3F631D34FF0000AF1
S31502006858C446AE46D3465CF8043B98B2E1454FEAD5
S31502006868134306FB00A04FEA104280B206FB03233D
S31502006878DEF8002092B24FEA134AA2EB00029BB25C
S31502006888DEF800005A44C3EB224392B203EB1043EC
S3150200689842EA03424FEA234B4EF8042BDBD2009B13
S315020068A8EB582BB9019B043B9D421A4630D33C61F7
S315020068B8384601F001F9002826DB2946002058F857
S315020068C8042BD1F800C01FFA82FEC1451FFA8CF3C9
S315020068D84FEA1242A3EB0E030344C2EB23429BB2D6
S315020068E802EB1C4243EA02434FEA224041F8043BC8
S315020068F8E5D255F8242005EB840322B9043B9D42D0
S315020069081A460BD33C610136304603B0BDE8F08F18
S315020069181268043B002ACAD1013CC5E71268043B47
S31502006928002AEFD1013CEAE70020EEE7000000006A
S315020069382DE9F04FC76981462DED028B91B055ECD2
S31502006948104B1C9E069109920C938DED020B7FB992
S31502006958102000F085FD0246C9F81C0020B99E4B9E
S31502006968EF219E48FDF7F0FAC0E901770760C76094
S31502006978D9F81C30196859B15A6801234846934018
S315020069884A608B6000F062FED9F81C3000221A6059
S315020069982B1EB7BF23F00043002301220393ACBF8B
S315020069A8336032608E4B039EB34310D142F20F73AB
S315020069B80C9A1360C6F31303234300F0D5841D9B78
S315020069C8884F002B00F0D784FB1C00F0D2BC9DED4B
S315020069D8028BB5EE408BF1EE10FA0AD101230C9A1E
S315020069E813601D9B13B1804B1D9A13607F4F00F0F5
S315020069F8C2BC0EAAB0EE480B0FA9484601F010F920
S31502006A08C6F30A530E9A0190002B45D018EE901A37
S31502006A18B0EE487BA3F2FF330025C1F3130141F020
S31502006A287F5141F44011B7EE086B07EE901A9FEDBD
S31502006A38645B37EE467B9FED646BA7EE056B07EE4C
S31502006A48903AB8EEE74B9FED625BB0EE467BA4EE5A
S31502006A58057BB5EEC07BFDEEC76BF1EE10FA16EEBE
S31502006A68908A08D5B8EEE66BB4EE476BF1EE10FAEB
S31502006A7818BF08F1FF38B8F1160F2DD85C4901EB9B
S31502006A88C80191ED007BB4EEC78BF1EE10FA01D581
S31502006A9808F1FF38002120E00F9B0125134403F279
S31502006AA832412029C9BFC1F14001C1F120018E40FE
S31502006AB803F21241D8BF04FA01F103F1FF33C4BF4E
S31502006AC824FA01F1314307EE901AB8EE677B17EE06
S31502006AD8901AA1F1F871A6E70121D21A0B91531E59
S31502006AE8059345BFC2F10103002200230592B8F1BE
S31502006AF8000F17DB059ACDF828804244059200223A
S31502006B080792069A092A42D8052AC5BF043A0024DA
S31502006B1801240692069A023A032A43D8DFE802F0CB
S31502006B283335160AC8F10002A3EB080307920022BE
S31502006B380A92E6E701220892099A08EB020B0BF180
S31502006B48010A5246012AB8BF012206E0012208922A
S31502006B58099A002A29DD93469246D9F81C70002123
S31502006B68042000F11406964226D979604846049311
S31502006B7800F02CFD049B074600283DD11D4B02461A
S31502006B8840F2AF11EDE60022E1E70022D3E7012445
S31502006B980022089406924FF0FF3B00211222DA46A1
S31502006BA80991DAE701220892F5E74FF0010BDA4676
S31502006BB85A46CDF824B0D0E701314000D1E700BFEC
S31502006BC861436F63A787D23FB3C8608B288AC63FE3
S31502006BD8FB799F501344D33F33BB00024ABB0002E2
S31502006BE80000F07F2FBB000203BB000202BB0002BB
S31502006BF860BC0002A3BB0002D9F81C20BAF10E0F32
S31502006C0810606ED8002C6CD0B8F1000F40F3B48037
S31502006C1808F00F01C74A18F4807F02EBC1024FEA57
S31502006C28281192ED007B00F09B80C34A01F00F0108
S31502006C3892ED086B032288EE066B8DED026BBE4859
S31502006C48002940F08F809DED026B86EE077B8DED65
S31502006C58027B0B999DED027B002900F0B380B7EE0B
S31502006C68006BB4EEC67BF1EE10FA40F1AB80BAF1D6
S31502006C78000F00F0A780BBF1000F30DDB2EE046B07
S31502006C8808F1FF3101325C46049127EE067B8DED51
S31502006C98027B07EE902AB1EE0C5B9DED026BB8EE15
S31502006CA8E77BA7EE065B15EE902A51EC150BA2F1CF
S31502006CB85071002C40F08A80B1EE047B36EE476BA9
S31502006CC841EC170BB4EEC76BF1EE10FA00F35D82D6
S31502006CD8B1EE477BB4EEC76BF1EE10FA23D48DED15
S31502006CE8028B0F990029C0F22981B8F10E0F00F321
S31502006CF82581904B03EBC80393ED006B099B002B90
S31502006D0880F2C880BAF1000F00F3C4800BD1B1EE4D
S31502006D18047B26EE076B9DED027BB4EEC76BF1EEA4
S31502006D2810FAC0F22F8200242546099B3E46DB4311
S31502006D3804934FF000082146484600F087FC002DD0
S31502006D4800F0A280B8F1000F05D0A84503D041464D
S31502006D58484600F07BFC2946484600F077FC93E05B
S31502006D6802226CE7CC0704D5013290ED006B27EEC0
S31502006D78067B4910083063E722D0C8F100016D4A44
S31502006D88002401F00F00091102EBC0026A4892EDD5
S31502006D98007B022228EE077B8DED027B29B9002CA7
S31502006DA83FF457AF8DED027B53E7CE0705D5013287
S31502006DB8012490ED006B27EE067B49100830EDE7BB
S31502006DC8022246E75446CDF8108062E7594A02EB9A
S31502006DD8C4023C4412ED024B089A41EC170B4AB323
S31502006DE8B6EE003B3E46B7EE002B83EE045BB2EEF0
S31502006DF8043B35EE477BFDEEC64BB8EEE45B14EE7C
S31502006E08902A303236EE456B06F8012BB4EEC76B84
S31502006E18F1EE10FA38D432EE465BB4EEC75BF1EE09
S31502006E2810FA6ED4A6423FF45AAF27EE037B26EE3B
S31502006E38036BE0E727EE047B21463E46B2EE043BAF
S31502006E48FDEEC64B14EE902AB8EEE45B303236EE0F
S31502006E58456B06F8012BA64219D1B6EE005B37EE52
S31502006E68054BB4EEC46BF1EE10FA4ADC35EE475B1D
S31502006E78B4EEC56BF1EE10FA7FF531AF0E46013965
S31502006E8816F8013C302BF9D0DDF8108027E026EE03
S31502006E98036BD5E79DED027BB2EE044B3E4687EEC9
S31502006EA8065BBDEEC55B15EE103AB8EEC53B303350
S31502006EB8A3EE467B06F8013BF31B9A4532D137EE21
S31502006EC8077BB4EEC67BF1EE10FA18DCB4EE467B0D
S31502006ED8F1EE10FA03D115EE103ADB070FD4019939
S31502006EE8484600F0B3FB00230C9A337008F10103FD
S31502006EF813601D9B002B00F03E821E603BE2CDF81C
S31502006F08108033461E4613F8012D392A06D19F42B0
S31502006F18F8D1049A0132049230223A701A78013270
S31502006F281A70B1E727EE047BB5EE407BF1EE10FA54
S31502006F38B5D1D4E760BC000238BC0002089A002A20
S31502006F4800F0E580069A012A00F3C680002D00F0BB
S31502006F58BF8001F23341079C1E460B444846049300
S31502006F68059B0B440121059300F026FC049B05466C
S31502006F7856B1059A002A07DDB2420599A8BF3246DC
S31502006F889B1AB61A8A1A0592079A12B3089A002AFF
S31502006F9800F0C1809CB12946224648460D9300F06E
S31502006FA8C5FC019A01460546484600F01BFC0199B4
S31502006FB80490484600F04AFB049A0D9B0192079AF0
S31502006FC8121B06D004930199484600F0AFFC049BB5
S31502006FD8019001214846049300F0EEFB0A9A044602
S31502006FE8049B002A00F0CD810146484600F09EFC2B
S31502006FF8069B0446012B049B00F39480029A002AFE
S3150200700840F08C80039AC2F31302002A40F088806B
S31502007018039A22F00042120D120522B1059A013393
S3150200702801320592012207920A9A002A00F0AF81DC
S315020070382269049304EB8202106900F071FB049B37
S31502007048C0F12000059A104410F01F0075D0C0F157
S315020070582002042A69DDC0F11C00059A0344024491
S3150200706806440592002B05DD1A460199484600F0AA
S31502007078B7FC0190059B002B05DD21461A464846BA
S3150200708800F0AEFC04460B9B002B58D02146019813
S3150200709800F012FD002852DA08F1FF330A2201999C
S315020070A848460493002300F0F3FA089B0190002B4C
S315020070B800F06F81294600230A22484600F0E8FAC2
S315020070C8BBF1000F054666DC069B022B40DC62E03C
S315020070D80E99C1F136013EE70AF1FF34079AA24238
S315020070E807DBBAF1000FA2EB04040CDB1E4651467D
S315020070F833E7079A1E460A99A21A079400241144EE
S315020071080A91514629E7A3EB0A06002125E7079CBF
S315020071181E46089D2CE7079A049354E7002282E745
S31502007128029A80E70022079282E79BD01C320599D1
S31502007138114413441644059194E70246F6E7BAF158
S31502007148000FD346CDF8108021DC069B022B1EDDEC
S31502007158BBF1000F7FF4E9AD21465B46052248469E
S3150200716800F096FA01460446019800F0A5FC0028AC
S315020071787FF7DBAD31233E4606F8013B049B01331C
S315020071880493D6E55446CDF810802546F2E7089BC7
S31502007198002B00F00281002E05DD294632464846BC
S315020071A800F01EFC0546079B002B58D06968484626
S315020071B800F00CFA064628B9824B024640F2EF2145
S315020071C8FFF7CFBB2A6905F10C010C300232920097
S315020071D8FFF70AFB01223146484600F001FC7B1CF8
S315020071E8A8460546059307EB0B030993029B03F092
S315020071F801030893059B2146019803F1FF3BFFF71C
S3150200720808FB4146029000F1300A019800F054FC4E
S315020072182A4607902146484600F06AFCC268064696
S31502007228FAB90146019800F047FC0246314648463B
S315020072380A9200F00BFA0A9ADDE9056342EA0301AB
S31502007248089B19430FD1BAF1390F28D0079B002B97
S3150200725802DD029B03F1310A8BF800A06BE5284692
S31502007268BDE70122E2E7079B002B04DB06990B43E5
S3150200727808990B4320D1002AEEDD012201994846DE
S3150200728800F0AEFB2146019000F016FC002803DC54
S31502007298E2D11AF0010FDFD0BAF1390FD9D1392369
S315020072A88BF8003033461E46013B16F8012C392A64
S315020072B852D001321A703EE5002A07DDBAF1390FBB
S315020072C8EDD00AF101038BF8003034E5059B099AE3
S315020072D803F801AC934229D000230A2201994846B1
S315020072E800F0D6F9A84501904FF000034FF00A02C4
S315020072F84146484607D100F0CBF980460546059B2C
S315020073080133059376E700F0C3F929468046002340
S315020073180A22484600F0BCF90546F0E7BBF1000F21
S315020073284FF00008CCBF5E4601263E440122019971
S31502007338484600F055FB2146019000F0BDFB0028A7
S31502007348B0DC02D11AF0010FACD133461E4613F84F
S31502007358012D302AFAD0EEE49F42A4D1049B0133D0
S31502007368049331233B70E6E41D9B174F1BB107F1CB
S3150200737808031D9A1360384611B0BDEC028BBDE8AE
S31502007388F08F069A012A7FF739AE0A9A07920120E8
S3150200739858E6BBF1000F7FF7D8AE3E462146019864
S315020073A8FFF737FA00F1300A06F801ABF21B9345EC
S315020073B8B4DD00230A220199484600F069F90190D2
S315020073C8ECE700BFA3BB000226BB000238B50546A0
S315020073D8002941D051F8043C0C1F002BB8BFE41811
S315020073E800F0E8F81D4A136833B96360146028464A
S315020073F8BDE8384000F0E4B8A34208D9206821184D
S315020074088B4201BF19685B6809182160EDE71A46C5
S315020074185B680BB1A342FAD911685018A0420BD186
S3150200742820680144501811608342E0D118685B68ED
S31502007438084453601060DAE702D90C232B60D6E7BA
S31502007448206821188B4202BF19685B6809186360B5
S3150200745808BF21605460CAE738BD00BF98B400224D
S31502007468024B0146186800F025B800BF88000022C2
S3150200747870B50F4E0C460546316811B900F09AFDF3
S3150200748830602146284600F095FD431C03D14FF093
S31502007498FF34204670BDC41C24F00304A042F8D071
S315020074A8211A284600F086FD0130F2D1EFE700BF27
S315020074B894B400222DE9F843CD1C064625F00305AF
S315020074C808350C2D38BF0C25002D01DBA94204D93D
S315020074D80C2333600020BDE8F883DFF8D48000F07F
S315020074E869F8D8F800301C4644BB29463046FFF7EF
S315020074F8BFFF431C044658D1D8F800402746002F40
S3150200750843D1002C4BD023683946304604EB030995
S3150200751800F050FD814542D1216830466D1A294650
S31502007528FFF7A6FF01303AD023682B442360D8F828
S3150200753800305A6862BBC8F800700FE02268521B16
S3150200754820D40B2A17D96119A342256018BF59609E
S31502007558636808BFC8F8001062514B60304600F0F5
S315020075682FF804F10B00231D20F00700C21A1CBFD6
S315020075781B1AA350AFE76268A3420CBFC8F80020E3
S315020075885A60EBE723466468AEE73C467F68B6E78F
S315020075981A465B68A342FBD100235360DEE70C233D
S315020075A83046336000F00CF894E70560D6E700BF72
S315020075B898B400220148FFF707B900BF90B4002229
S315020075C80148FFF702B900BF90B4002270B5C66938
S315020075D804460D4676B91020FFF742FF0246E061DF
S315020075E820B9184B6B211848FCF7AEFCC0E90166B6
S315020075F80660C660E669F36883B1E369DB6853F837
S315020076082500B8B90121204601FA05F6721D920035
S3150200761800F0E0FC60B1C0E901560EE02122042127
S31502007628204600F0D7FCE369F060DB68002BE4D162
S31502007638002070BD026843F825200023C0E9033301
S31502007648F7E700BF33BB0002B4BB000270B5C669D8
S3150200765805460C4676B91020FFF702FF0246E86196
S3150200766820B9094B8F210948FCF76EFCC0E901666F
S315020076780660C6603CB1EB696268DB6853F82210A3
S31502007688216043F8224070BD33BB0002B4BB00023E
S315020076982DE9F04101F1140C07460C461E460D6908
S315020076A80020DCF80030013099B2854202FB016104
S315020076B84FEA13464FEA114389B202FB063301EB3E
S315020076C803414FEA13464CF8041BEADC0EB3A368DF
S315020076D8AB4219DC616838460131FFF777FF80460D
S315020076E828B902460C4BBA210C48FCF72DFC226934
S315020076F804F10C010C3002329200FFF775F82146AC
S3150200770844463846FFF7A2FF04EB850301355E615E
S3150200771825612046BDE8F081A3BB0002B4BB000286
S31502007728B0F5803F034636BF030400201020B3F1AC
S31502007738807F3CBF1B020830B3F1805F3CBF1B0150
S315020077480430B3F1804F3CBF9B000230002B05DBAF
S3150200775813F0804F00F1010008BF2020704703682C
S31502007768024613F007000BD0D90721D4980747BF62
S315020077785B0801209B0802204CBF13601360704708
S3150200778899B209B91B0C1020D9B209B908301B0ADB
S31502007798190704BF1B090430990704BF9B08023066
S315020077A8D90703D45B0800F1010003D013607047C0
S315020077B8002070472020704710B50C460121FFF7BC
S315020077C805FF024628B9054B40F245110448FCF765
S315020077D8BBFB01234461036110BD00BFA3BB0002CA
S315020077E8B4BB00022DE9F04F17460A69894685B0EF
S315020077F83B699A42A2BF3B460F4699463D69BB681A
S31502007808D9F810A0796805EB0A06B342B8BF013168
S31502007818FFF7DCFE30B90246424B4FF4B1714248DB
S31502007828FCF792FB00F11404002204EB860E2346B1
S31502007838734520D307F1140809F1140108EB8505ED
S3150200784801EB8A030293EB1B1537153B23F003035F
S315020078580433BD4238BF04230193029B03918B4232
S315020078680CD8002E03DD5EF8043D002B57D00661C6
S3150200787805B0BDE8F08F43F8042BD9E7B1F800A0AC
S31502007888BAF1000F21D0C446A14600275CF8042BA2
S31502007898D9F800301FFA82FB65459BB24FEA1242BD
S315020078A80AFB0B333B44D9F800704FEA17470AFB29
S315020078B8027202EB13429BB24FEA124743EA0243B1
S315020078C849F8043BE2D8019BE750039B0431B3F81D
S315020078D80290B9F1000F20D023684746A4464FF01C
S315020078E8000AB7F800B09BB2BCF8022009FB0B22CB
S315020078F8524443EA02434CF8043B57F8043B4FEA26
S31502007908134ABCF80030BD4209FB0A3303EB1243A3
S315020079184FEA134AE5D8019AA35004349DE7013E7B
S315020079289FE700BFA3BB0002B4BB00022DE9F843E0
S31502007938154612F0030207460E4607D0013A254CB1
S31502007948002354F82220FFF7A3FE0646AD103DD0C9
S31502007958FC697CB91020FFF783FD0246F86128B955
S315020079681D4B40F2B3111D48FCF7EEFAC0E901447B
S315020079780460C460D7F81C80D8F808404CB940F2B5
S3150200798871213846FFF718FF00230446C8F8080095
S3150200799803604FF00009EB070AD5314622463846FE
S315020079A8FFF720FF8046314638464646FFF74EFE29
S315020079B86D100BD0206838B9224621463846FFF7A3
S315020079C811FF2060C0F800900446E4E73046BDE89F
S315020079D8F88300BF2CBC000233BB0002B4BB000212
S315020079E82DE9F0470C46074691464FEA621A236983
S315020079F8496803EB6218A36808F10106B3420BDB78
S31502007A083846FFF7E3FD054648B90246284B4FF4C8
S31502007A18EF712848FCF798FA01315B00EEE700237C
S31502007A2800F1140100F110021846534533DB2AEA25
S31502007A38EA7A04F11403206919F01F0901EB8A0195
S31502007A4803EB800C2BD0C9F1200E8A460022186857
S31502007A5800FA09F010434AF8040B53F8042B9C4524
S31502007A6822FA0EF2F3D8ACEB040304F11500153B27
S31502007A7823F003030433604588BF0423CA500AB1BE
S31502007A8808F10206013E384621462E61FFF7DEFD61
S31502007A982846BDE8F087013342F8040FC5E70439E2
S31502007AA853F8042B9C4541F8042FF9D8EAE700BF9E
S31502007AB8A3BB0002B4BB000203460A690069801A26
S31502007AC830B50ED11433143103EB820401EB820173
S31502007AD854F8045D51F8042D954203D005D24FF0AF
S31502007AE8FF3030BDA342F3D3FBE70120F9E70000DC
S31502007AF82DE9F74F89460646114614464846FFF7CA
S31502007B08DBFF051E12D129463046FFF75FFD024606
S31502007B1828B9414B40F237214048FCF715FA0123B0
S31502007B28C0E90435104603B0BDE8F08FBCBF4B462A
S31502007B38A1463046B8BF0125D9F80410B4BF1C4681
S31502007B480025FFF743FD024618B9334B40F245219B
S31502007B58E2E7D9F8107004F1140E266900F1140B45
S31502007B68C56009F1140509F110030EEB860605EB4B
S31502007B788708D9464FF0000C0193019B5EF8040B67
S31502007B8853F804AF764501931FFA8AF3194683B26E
S31502007B984FEA1040A1EB0303C0EB1A40634400EB23
S31502007BA823409BB24FEA204C43EA004349F8043B80
S31502007BB8E3D8331B1534153B23F003030433A642DB
S31502007BC838BF04231D445B442C461E4644450ED347
S31502007BD808F10301491B033D21F00301A84538BFFB
S31502007BE800210B4453F8041D99B117619AE754F81A
S31502007BF8041BE6461FFA81FC080C7144F44489B258
S31502007C0800EB2C4041EA00414FEA204C46F8041B9F
S31502007C18DCE7013FE6E700BFA3BB0002B4BB0002F4
S31502007C282DE9F7430F460121164659EC108BFFF74B
S31502007C38CDFC044630B90246234B40F20F312348A5
S31502007C48FCF782F9C9F30A55C9F313030DB143F4D4
S31502007C5880130193B8F1000323D068460093FFF717
S31502007C687EFDDDE90012D0B1C0F1200302FA03F36A
S31502007C78C2400B4301926361019B002BA3610CBFB7
S31502007C88012202222261A5B1A5F233450544C0F1BB
S31502007C9835003D603060204603B0BDE8F08361617F
S31502007CA8EAE701A8FFF75BFD019B20300122636129
S31502007CB8E8E7A0F2324004EB820338601869FFF75E
S31502007CC82FFDC0EB4210E5E7A3BB0002B4BB0002DE
S31502007CD82DE9F0471F468E6882460C46BE429046FC
S31502007CE80B682DD8B1F90C2012F4906F26D065696D
S31502007CF8096905EB4505A3EB01097B1C05EBD5755F
S31502007D084B446D109D4238BF1D46530527D529465B
S31502007D18FFF7D0FB064660B34A462169FEF764FDC3
S31502007D28A38923F4906343F08003A38126614E441A
S31502007D386561A5EB090526603E46A560BE4200D9E7
S31502007D483E4632464146206800F01AF9A3680020EA
S31502007D589B1BA360236833442360BDE8F0872A4649
S31502007D6800F05EF906460028E0D121695046FFF781
S31502007D782DFB0C234FF0FF30CAF80030A38943F0DD
S31502007D884003A381E9E700002DE9F04F98468B8965
S31502007D989DB007461B060D46144610D50B6973B9E6
S31502007DA84021FFF787FB2860286130B90C233B6026
S31502007DB84FF0FF301DB0BDE8F08F40236B61002302
S31502007DC8CDF80C804FF00109DFF8A0810993202332
S31502007DD88DF8293030238DF82A3023469A4613F82F
S31502007DE8012B0AB1252AF9D1BAEB040B0BD05B4653
S31502007DF8224629463846FFF76BFF013000F0A78076
S31502007E08099A5A4409929AF80030002B00F09F808A
S31502007E1800234FF0FF320AF1010A049307938DF803
S31502007E2853301A93CDE90523544605224F4814F8D0
S31502007E38011BFEF7CBFC049AD8B9D00644BF20230F
S31502007E488DF85330110744BF2B238DF853309AF817
S31502007E5800302A2B15D0079A544600204FF00A0CF8
S31502007E68214611F8013B303B092B4BD9B0B1079299
S31502007E7814E0A0EB0803A24609FA03F3134304939A
S31502007E88D2E7039B191D1B68002B0391BBBF5B42FC
S31502007E9842F0020207930793B8BF049223782E2B67
S31502007EA80AD163782A2B32D1039B02341A1D1B6826
S31502007EB843EAE37303920593DFF8C0A0032221780D
S31502007EC85046FEF783FC38B1A0EB0A004022049B19
S31502007ED8013482401343049314F8011B06222448F2
S31502007EE88DF82810FEF772FC002836D0214B1BBBF2
S31502007EF8039B073323F0070308330393099B334491
S31502007F0809936AE70CFB02320C460120A8E7002314
S31502007F1801344FF00A0C19460593204610F8012B36
S31502007F28303A092A03D9002BC6D00591C4E70CFBBF
S31502007F38012104460123F0E703AB2A4604A9384681
S31502007F4800930D4BFEF750F8421C0646D6D1AB8974
S31502007F585B063FF52DAF09982CE703AB2A4604A921
S31502007F6838460093044BFEF7CBFAEDE70EBC000247
S31502007F7818BC0002F15F0002D97C000214BC0002A0
S31502007F88884210B501EB020402D98442234607D877
S31502007F98431EA14208D011F8012B03F8012FF8E776
S31502007FA8024401468A4200D110BD13F8014D02F877
S31502007FB8014DF7E738B50023054D044608462B6000
S31502007FC8FCF7A2F8431C02D12B6803B1236038BD23
S31502007FD88CB4002270B5A1FB025434B92946FFF7C6
S31502007FE869FA064628B9304670BD0C220026026098
S31502007FF8F9E72A462146FEF7D5FBF4E782B001B92E
S3150200800801A942B14BB113780B601278101E18BF42
S31502008018012002B070471046FBE76FF00100F8E74F
S315020080282DE9F041074614460D4621B91146BDE829
S31502008038F041FFF73FBA2AB92546FFF7C7F928469E
S31502008048BDE8F08100F027F88442064602D8B4EB70
S31502008058500FF4D821463846FFF72CFA804608B95D
S315020080684546ECE7B4422246294628BF3246FEF781
S31502008078BBFB29463846FFF7A9F9F1E70346084646
S3150200808841B1FF2A04D98A224FF0FF301A6070479D
S3150200809801200A70704751F8043C181F002BBCBF18
S315020080A80B58C0187047000030B52DED028B83B00F
S315020080B88DED010A019C24F00043B3F1FF4F10D362
S315020080C8334B002C93ED007AD3ED007A39DBF0EED0
S315020080D8406A87EE260A30EE270A03B0BDEC028B09
S315020080E830BD2C4A93420FD9294A2B4B92ED000AEE
S315020080F8D3ED007A30EE670A002CB8BFB1EE400A1B
S3150200810803B0BDEC028B30BDB3F1105F23D3B3F1DC
S315020081187E5F2AD3214D00F09FF9D5ED007A20EE35
S31502008128270A00F03DF81A4BD3ED007A95ED006A5E
S3150200813895ED007A37EE007AC6EE076A37EEE60A5A
S31502008148DAE7DDED016A87EE260A30EE670A03B042
S31502008158BDEC028B30BD0E4BDDED017A93ED000AC4
S3150200816830EE270A20EE270AB7E70C4D95ED008A6E
S3150200817800F072F928EE400A00F012F8D5ED007AFE
S31502008188B1EE407A77EE807A87EE270AB4E700BF27
S3150200819834BE0002FFFFAF412CBE000230BE000211
S315020081A810EE103A8B4923F0004203F000438A424C
S315020081B82ED9B2F1FF4F00F2918000F0D980002B40
S315020081C840F08F8084498A4200F2F580002B40F005
S315020081D888809FED827AF6EE007A20EE077A77EEAD
S315020081E8877A9FED7F6ADFED7F6AFDEEE77AB8EE62
S315020081F8E77A17EE903AF0EE407AE7EE467A27EEFD
S31502008208267A37EEC70A77EEC07A77EEC77A07E09C
S3150200821875498A4254D8B2F14C5FC0F09380002364
S31502008228F6EE002A9FED712A9FED714AB7EE003AE3
S31502008238DFED704AB0EE086A60EE223ADFED6E6A4A
S315020082489FED6E5AF1EE085A20EE237AA7EE024AFD
S31502008258E4EE074AE4EE876AA6EE875AF0EE436A28
S31502008268E5EE076AA3EEE66AE0EE465A36EEC66A17
S31502008278C6EE256A66EE876A002B5ED076EEE76A58
S315020082885A1CD6EE807A77EEC77A6AD0012B44D08A
S315020082985A1CD905392A71D8162B7BDC4FF0807205
S315020082A877EEC07A42FA03F3C3F17E5307EE103A29
S315020082B877EE677A17EE903ACB1800EE103A7047C7
S315020082C84F498A421DD8DFED467A002B43D070EE1D
S315020082D8277A4FF0FF339FED4B7A92E730EE000A8A
S315020082E87047DFED497A70EE277AF5EEC07AF1EE3D
S315020082F810FA6CD49FED397AFEEE007A20EE077AF0
S315020083086DE7FEEE007A9FED357AF6EE006A002BEF
S3150200831820EE077A46FEA77A61E7BDEE007AB4EE4A
S31502008328C70AF1EE10FA49D570EE222AB8EE000A0B
S3150200833877EEE27A27EE800A704790EE267A30EEDA
S31502008348470A7047DFED317A70EE277A77EEE77AD9
S3150200835830EE670A704770EE677A01239FED217A3D
S315020083684FE770EE677ABEEE000AA7EEA20A7047DA
S31502008378FFEE007A002B00FE270A704777EEC07AD6
S3150200838873EE677A17EE903A194407EE901A37EEAB
S31502008398C30A7047C3F17F03DB0507EE103A77EE8F
S315020083A8877A30EE670A30EE030A10EE103A0B446B
S315020083B800EE103A7047002000F048B870EE677A6F
S315020083C8B0EE007AA7EE873AB0EE430A7047BFEEE0
S315020083D8000A704743B895411772B1423BAAB83FA3
S315020083E88071313FD1F717371872B13EBBED57B4DA
S315020083F8547E8636CD70A6B8010DD03A898808BD56
S315020084089115853FD1F717B76042A20DCAF2497195
S3150200841810B52DED028BB0EE408A0446FEF7CEF972
S315020084280460B0EE480ABDEC028B10BD30B1F1EE25
S31502008438407A222027EE800AFFF7EABFF0EE407A5A
S31502008448222027EE800AFFF7E3BF00BF9FED010A4D
S31502008458FFF7ECBF0000007010EE103A23F000435D
S3150200846800EE103A704700BF000000BE000000BED2
S31502008478000000BE000000BE000000BE000000BEF4
S31502008488000000BE000000BE000000BE000000BEE4
S31502008498000000BE000000BED9891DBED9891DBED6
S315020084A8D9891DBED9891DBED9891DBED9891DBEC8
S315020084B8D9891DBED9891DBED9891DBED9891DBEB8
S315020084C8D9891DBED9891DBE8C2E3ABE8C2E3ABEBE
S315020084D88C2E3ABE8C2E3ABE8C2E3ABE8C2E3ABEC4
S315020084E88C2E3ABE8C2E3ABE8C2E3ABE8C2E3ABEB4
S315020084F88C2E3ABE8C2E3ABE8FC2F53B8FC2F53B06
S315020085082403C83B9591A33B07C08D3B0B63873B6E
S315020085183F928E3BDD5F9C3B6002963B5CB7983B85
S315020085281D77A53B40BCF03BA83C173C7E2EE43B9E
S31502008538D6B6763B548A633BE601513B854C473BAC
S315020085484D814C3BDC66683B3F0D6F3B5BF5733BED
S315020085588EA3833B9544B83B8F44BB3B39F4543BCB
S315020085683907363B5C542C3B9E2C2D3BCD084A3BA7
S3150200857895127E3B76A6713B76506C3B3D7D633BFE
S31502008588BAF55C3B536A653B7B142E3E70587B3EBC
S31502008598324EA43E2DF0CA3E2792F13E111A0C3FE6
S315020085A80E6B1F3F0BBC323F080D463F065E593F16
S315020085B803AF6C3F0000803F3BAD49405E744A40C2
S315020085C8823B4B40A5024C40C8C94C40EC904D40FA
S315020085D80F584E40331F4F4056E64F407AAD504033
S315020085E89D745140C03B5240E402534007CA53406F
S315020085F82B9154404E585540711F564095E65640A9
S31502008608B8AD5740DC745840FF3B594022035A40E4
S3150200861846CA5A4069915B408D585C40B01F5D401E
S3150200862834C55D40B76A5E403B105F40BEB55F40E9
S31502008638425B60404FD160405C4761406ABD614021
S315020086487733624084A96240091263408E7A634096
S3150200865813E36340984B64401DB46440471B65406E
S31502008668718265409CE96540C6506640F0B766402F
S31502008678451E67409B846740F0EA6740455168405B
S315020086889AB76840A33E6940ACC56940B54C6A4092
S31502008698BED36A40C75A6B4000F16B4039876C40BB
S315020086A8721D6D40ABB36D40E4496E40E0F66E4014
S315020086B8DCA36F40D9507040D5FD7040D2AA7140F4
S315020086C88B5F724044147340FEC87340B77D744092
S315020086D8703275407CCE7540876A7640930677403D
S315020086E89EA27740AA3E7840E8D47840276B794024
S315020086F865017A40A4977A40E32D7B4071E47B407A
S31502008708009B7C408F517D401E087E40ADBE7E4058
S31502008718ED797F40971A804037788040D7D58040D8
S3150200872877338140B67D8140F5C781403312824056
S31502008738725C8240B1A68240D71A8340FD8E83407E
S31502008748240384404A77844070EB8440840447407B
S31502008758E4F3474044E34840A4D2494003C24A40AE
S3150200876863B14B40C3A04C4023904D40837F4E409B
S31502008778E36E4F40425E5040A24D5140023D524088
S31502008788622C5340C21B5440210B554081FA554076
S31502008798E1E9564041D95740A1C8584000B8594066
S315020087A814935A40276E5B403A495C404D245D401B
S315020087B860FF5D40FEA05E409C425F403AE45F4037
S315020087C8D8856040752761402A956140DE0262407D
S315020087D89370624047DE6240FC4B6340B5AA634031
S315020087E86F09644029686440E2C664409C25654076
S315020087F85E88654020EB6540E14D6640A3B0664061
S3150200880865136740A1786740DCDD67401843684016
S3150200881854A868408F0D69407899694061256A4075
S315020088284AB16A40323D6B401BC96B40FA666C40DE
S31502008838D9046D40B7A26D4096406E4075DE6E4013
S31502008848308E6F40EB3D7040A6ED7040629D7140E0
S315020088581D4D7240EA027340B8B87340856E744083
S315020088685324754020DA75406E6E7640BC02774016
S315020088780A977740572B7840A5BF7840154C794020
S3150200888885D87940F5647A4065F17A40D57D7B4092
S315020088980D357C4046EC7C407EA37D40B75A7E402F
S315020088A8EF117F405ECF7F40674680401EA580401D
S315020088B8D60381408D628140F2B0814056FF8140E5
S315020088C8BA4D82401F9C824083EA824036538340D7
S315020088D8E9BB83409C2484404F8D844001F6844042
S315020088E8358240402D2E424025DA43401D864540BA
S315020088F8143247400CDE4840048A4A40FC354C4054
S31502008908F3E14D40EB8D4F40E3395140976F5240AA
S315020089184BA55340FFDA5440B410564068465740B8
S31502008928F30258407DBF5840087C594093385A4054
S315020089381EF55A4074C65B40CB975C4022695D407F
S31502008948783A5E40CF0B5F403AA85F40A544604044
S3150200895810E160407B7D6140E6196240FA8362401D
S315020089680EEE62402258634036C26340492C644088
S315020089787C846440AEDC6440E1346540138D654016
S3150200898845E56540384666402AA766401C086740A2
S315020089980E69674000CA674052306840A49668402C
S315020089A8F6FC68404763694099C9694078656A4038
S315020089B856016B40359D6B4013396C40F2D46C40BE
S315020089C8AD896D40683E6E4023F36E40DDA76F4069
S315020089D8985C70409DFE7040A2A07140A64272400B
S315020089E8ABE47240B08673405922744002BE7440AA
S315020089F8AB59754053F57540FC9076403321774064
S31502008A086BB17740A2417840D9D17840106279405B
S31502008A1896EF79401C7D7A40A30A7B4029987B40D1
S31502008A28AF257C400ADD7C4065947D40C04B7E4084
S31502008A381B037F4076BA7F40F33B8040AA9A804068
S31502008A4862F9804019588140D1B681403D0682407C
S31502008A58AA55824016A5824082F48240EE4383409C
S31502008A6828B68340622884409B9A8440D50C854068
S31502008A780F7F854000000000000000000AD7233C53
S31502008A880AD7A33C8FC2F53C0AD7233DCDCC4C3D31
S31502008A988FC2753D295C8F3D0AD7A33DEC51B83D7F
S31502008AA8CDCCCC3DAE47E13D8FC2F53DB81E053E65
S31502008AB8295C0F3E9A99193E0AD7233E7B142E3E0D
S31502008AC8EC51383E5C8F423ECDCC4C3E3D0A573E79
S31502008AD8AE47613E1F856B3E8FC2753E0000803EE3
S31502008AE8B81E853E713D8A3E295C8F3EE17A943EE8
S31502008AF89A99993E52B89E3E0AD7A33EC3F5A83E16
S31502008B087B14AE3E3333B33EEC51B83EA470BD3E41
S31502008B185C8FC23E14AEC73ECDCCCC3E85EBD13E71
S31502008B283D0AD73EF628DC3EAE47E13E6666E63E9D
S31502008B381F85EB3ED7A3F03E8FC2F53E48E1FA3ECB
S31502008B480000003F5C8F023FB81E053F14AE073F88
S31502008B58713D0A3FCDCC0C3F295C0F3F85EB113F97
S31502008B68E17A143F3D0A173F9A99193FF6281C3FA6
S31502008B7852B81E3FAE47213F0AD7233F6666263FB5
S31502008B88C3F5283F1F852B3F7B142E3FD7A3303FC3
S31502008B983333333F8FC2353FEC51383F48E13A3FD2
S31502008BA8A4703D3F0000403F5C8F423FB81E453FE0
S31502008BB814AE473F713D4A3FCDCC4C3F295C4F3FEF
S31502008BC885EB513FE17A543F3D0A573F9A99593FFF
S31502008BD8F6285C3F52B85E3FAE47613F0AD7633F0D
S31502008BE86666663FC3F5683F1F856B3F7B146E3F1B
S31502008BF8D7A3703F3333733F8FC2753FEC51783F2B
S31502008C0848E17A3FA4707D3F0000803F00000000E3
S31502008C18000020410000C841E14C57BDEE2F8DBB34
S31502008C286102033C3AAD123D3DDEA5BB3DDB293967
S31502008C38C77290BB4FB02DBEB92490BB5BE4493BCB
S31502008C4814D6403D834F93BD99055CBB49E32CBEC0
S31502008C5884D99BBDDDEE8B3DC7B69CBB0500E93BBF
S31502008C681E7B1DBB7CFD22BBAAEBC5BB2D7F07BCA9
S31502008C78D14897BDBA4023BC1505F93D787351BD55
S31502008C884F896CBD5D3FA9BDE7CEF63C3DD62A3D70
S31502008C98D13D1CBDE42D093EA62BD1BD24179EBD90
S31502008CA8E4C1933D8062A7BDAC7393BD0D1E99BD09
S31502008CB8EE85D1BD3FDF133D6E18D6BDF91CA2BDA8
S31502008CC886F5903CC71706BD2DAE8BBC624844BDDF
S31502008CD861C0DA3D513E5DBD593A133EAEE4513CA0
S31502008CE8169C443EC1798D3DABF00A3ED52B683DB4
S31502008CF804D8883DEEB0F33DA9B3CDBD42C8223CA7
S31502008D08CE0A663E2AD97CBD8D3766BD099942BD13
S31502008D189BD0063E26FE5E3D542D153E7B3C1CBE70
S31502008D28A1E5623CF6A6363E562067BDC8B952BDD5
S31502008D386CD75FBDC12F3FBC42A391BCE404E13DA1
S31502008D48BD6A92BDFEF34ABED8CEB63D522A56BD7C
S31502008D58DEC4C9BD42D52E3E8A7E09BE2E25E73C13
S31502008D687B910EBEFBEC2DBE87EE213D93244F3E32
S31502008D78D50E9FBBE5CB41BDED8F6EBD453E603D31
S31502008D88B65A1A3E0C0820BE217DA6BD84DA223EBA
S31502008D9857E240BDE504FA3B6FA8073D533545BD8A
S31502008DA8CE6AD63D41D1BDBDC60C663DD2E05A3D1E
S31502008DB89387843B95F5EEBC42DED4BD1B959C3C5D
S31502008DC8006F1B3CFD77603D3CFAB5BD3EB99BBDC5
S31502008DD879C74E3DA396D63C72E4513D893BC83DC0
S31502008DE811A9A43CB32903BE5A4276BCAC32B3BD20
S31502008DF8E46B273DAF318FBDDE5DA03CB926C7BD0A
S31502008E08961B8DBDF78D363C468DDCBD9F03163EFF
S31502008E184101ADBB62DA073CAC42A4BDA31C083EC5
S31502008E28D6D3813DC2D65E3D788A40BDDEF8EDBB1B
S31502008E38CB2AD33B9A0EB83D6AF3D8BD27D1DBBD00
S31502008E48D80EB03DE350F73D6180F7BA552AD23DB8
S31502008E580443093C037141BCCA9521BD77C4D3BDFD
S31502008E68539D94BDA9CCFC3D2B38C4BD5B80A4BDE3
S31502008E784DF62FBDF0749E3DC77CA83C2D4894BC88
S31502008E88E3CD9B3AF4474BBEB27DFB3D46ED86BD2C
S31502008E98393886BEB34968BDFEA015BD0FEBABBD1A
S31502008EA8D7D727BEC8B0843DEAB6373C8254913C30
S31502008EB8D9F182BCEB79A1BD3471333D538DDE3BCA
S31502008EC8F4B0F73D258DF03DF49ED73D1F097E3E51
S31502008ED807BE173D60CE35BC95B5123E475D1ABC36
S31502008EE8E9D3F9BD4C2F793D5E7E113EA637E9BD21
S31502008EF88781883C922ACCBDC7164A3DB05492BD9A
S31502008F08288842BEA83825BD2185C03DDCC69E3DBF
S31502008F182038CC3D15E4553C14FCAB3D5CBE5D3DAA
S31502008F2807BADDBD68DD44BD74E74FBD07DF6A3D9C
S31502008F388529B43B4319AA3DB3300E3D47E2CCBD61
S31502008F48FEB851BE3E81993DC630F7BD07E63D3EA5
S31502008F5810625EBE49A12C3ED8FAA4BDB0BBA6BC1F
S31502008F68A796FABDC2B621BE1E510EBE4202B4BDB6
S31502008F786824143E6B268B3C9ED6BDBDA3108ABDC3
S31502008F886E2E04BE921ED93DFB40EC3D58DD913D46
S31502008F98C7E7B43D2671963D3753843B737AC7BDFE
S31502008FA81773C93D4DED163D1D55313E3D018E3DAA
S31502008FB827D9A73D8F26EE3CADAF613B5293093EBA
S31502008FC8332759BC82A7683D93905A3DF139083D2B
S31502008FD8E918C63DB20ADCBDE650C03D0A0DFABD27
S31502008FE8F263B03C65D5EC3A0250233D71868ABDE0
S31502008FF8C23A603C15DC973D30E927BDE96B9FBD57
S31502009008A74EC4BD4701F33D368CDDBC22E95FBCE1
S31502009018F5B10CBD6991303D8900053E85A4663DD2
S31502009028CA80A9BD1CF5B13CD41F243DF806EBBC89
S31502009038F66520BDE5E95ABDA8BD593D44B220BD35
S315020090482405103D73040DBE9D6F9FBD4088983D53
S31502009058E46A05BD128DB2BDBCBAB8BD1237D73D9A
S31502009068C54CC6BD259BA3BC641E003D8AE5053DCD
S315020090788C06313E85AE6C3DBB3096BD61EF0F3D29
S315020090887138853DA5DB56BD1C06C03D235A1A3DDF
S3150200909817B6F83D92B3F13DB8EFAB3DD77255BD61
S315020090A864AAB3BD09E5473C828D0A3EACB55FBDED
S315020090B880490FBD8442D53D727F893DD31365BD74
S315020090C882E09A3D4C1ABEBD4DFFF23CEBA366BD4B
S315020090D80EF610BED8DBDEBD17AD98BD8502BBBD48
S315020090E8AD349D3DCF0091BD68098F3D0A9C87BB73
S315020090F8F37CF4BD9009B43CA0709ABD15F7983D6F
S31502009108492980BC9802A23D3D158BBDB1DCE23DE2
S31502009118F513563C59EF17BD7AB342BD700CF4BD30
S31502009128C0AB84BD0D63B9BD5DEF813D343C6BBDFB
S315020091384705DA3DD2A9233E24D8C83D96E20DBE9C
S315020091483C9733BBA9228BBDE39B863DE062493D32
S3150200915822DC53B9BA30DA3D5E9125BED8CA8C3DB7
S315020091688096A23DA5036ABBE00DEEBD3E84D93CBE
S315020091783053F63DC7CD8EBD5ECF573BE4AEF63DC6
S315020091883776273DB16589BB97A8053E8432A1BBD0
S31502009198CFE900BEEA7E3DBB0D7DC03BC089E73DF7
S315020091A8229EACBC5AF52ABE1F9F883DA5F15E3D9C
S315020091B85B2A0FBECD25293EA00025BD9A49DF3D73
S315020091C8C20F93BDEFC7F7BD2668843DABA29DBD0E
S315020091D8EC2743BD5093333EDD639FBD39E0B6BDF0
S315020091E80F9DE33DAAB91BBD3164893D2A8612BC8F
S315020091F86465E4BBC885CB3D33329FBDC5E0AC3C54
S31502009208D36503BDD39DF1BC44E1E2BD0BF70F3E26
S31502009218A5AA853DCE3EDDBDB8DF563E6BF7CC3DF1
S31502009228F9EBA0BD0F26173EF5ED0F3E5E5D653ED6
S31502009238DB1B6D3E639197BEA2C58C3EECB8A83D7A
S3150200924801786DBD4EA51A3DFDD4D93D473713BDEC
S315020092580F814F3E7A80983E1A0499BD362C67BC18
S31502009268A3170039085C7A3ED8CE6BBD6AEF09BEF1
S315020092785DA326BEAB4A113E7314F2BD6CBD71BE28
S3150200928882CEFC3D3519643EAAAD5A3EB30994BE58
S3150200929847FD473E0FCE08BE8FB6293D5BB8EF3C69
S315020092A82CDC2CBD289C3E3ECE1B0C3E8F70503EBD
S315020092B808A7013E90848ABD7CF889BD0FE613BED5
S315020092C8F109A1BDE45F923DEFF1C0BC81C90ABEB6
S315020092D84426893DEC68393E0481583D884DBB3D9C
S315020092E8B09B0ABD1185A7BC7B220DBE9DC0AA3DB7
S315020092F867D481BC926279BDBCD12B3DA0209D3D2D
S315020093087E7E38BDF71D523BD6B154BD0AE1A43D57
S3150200931860022CBBE7312CBDEE17DD3D0BEE8B3D13
S315020093284731253C42C9593D2B37AB3D874DB43CA5
S31502009338FE460CBDE90D57BA8BA9633D6428DBBD11
S31502009348C83252BD6F35CF3D8A78E13D2B2DD23DCD
S31502009358DBACC33D2032CDBD2DD65A3D63728BBDE3
S31502009368957CCFBDF84C213D49286BBD5081C33C45
S31502009378C4070ABED432013DD348A1BDDF77D23D28
S315020093889AFBA83CAF93A83D820C20BD2156343ED9
S31502009398C3AB1EBEF39FD23D404D95BBFEFE94BDA8
S315020093A84302963D939B033E675F06BEECE0C3BD50
S315020093B864B2073DFAED57BDC63F7A3DF89D01BD39
S315020093C843A6A4BD64D4DCBDF3F4AA3D56B634BDA7
S315020093D86E880BBE0A68D73D61BE23BEFF7AC73DBB
S315020093E823F2753D7824433D2DA9B13DD4908CBD19
S315020093F89542AF3DB525E3BDC088F6BD6223AB3DB8
S3150200940808AD003E719906BEC5C5763DF4C23E3E1C
S315020094181F39C13D76651BBDE18683BCBF20C3BD2E
S315020094280D7F963D21BF8A3D100D3ABD1EDAF3BD6A
S31502009438635BF5BC49D92D3DF42ED73D3654CABDDA
S3150200944840629D3D8B3A663DFD91933DC2F5913D45
S31502009458396D82BDB8EFA5BD1FF33ABDF08CEBBCE2
S3150200946866E3F7BDD54F05BEBDB2DC3D524FF2BC31
S31502009478F5FA1BBD79B1C9BD550D243E69A5CDBD09
S315020094881FC8FC3B9A5185BC47A42C3E14A7363EFE
S315020094983B3D52BE0B6C11BE152B133D41CB833D92
S315020094A846993DBDF3739DBDD679013D69F0063DEA
S315020094B886A3443D28F623BDF5C0C63D6080EE3D31
S315020094C843C42BBECDDD783D2E32523DFD54753E4A
S315020094D8F2D6183C65C8B9BD38BA2A3E8EE80B3EA4
S315020094E8B8A47F3D48ACBABD9F5DA3BCCBE3ECBD37
S315020094F80B2B8C3BC244BD3D46A9CE3D3965403C4B
S31502009508E701C5BD4D1907BD730501BED7A5EABD5D
S31502009518369F2F3E5554223E53501BBDAA94263ED3
S31502009528E382323E3984C6BCE64985BDEE55B5BDF1
S315020095388240FD3DC97B573D5F011EBE6D19323D16
S31502009548E3D8A53D311366BD285903BE47C30C3C73
S31502009558CA5D743EACC79EBD16DE383E9B800DBE04
S3150200956867EE333EBD0C673D07B0343EE7B1E13DD9
S315020095780174FCBDB7AEA6BC690B7EBD057745BEB8
S31502009588205127BDCBDDD9BDAF6D9D3B136B82BC88
S3150200959825DBA63DF0663E3D2C78EFBD8DAC573DEA
S315020095A8AD3316BE2B7F3FBE601D06BDBFEF08BD9D
S315020095B86DD4FFBDD8FF63BC7E2D91BDBA54673DFD
S315020095C85941E73CB707C53D7D860FBD99E8B53DCC
S315020095D8037BAD3DE9910D3D07DE183D6C5DA7BDE8
S315020095E8D24F043E41F3043C373FF33D744C6B3D86
S315020095F8883F9B3C41A2323D819800BEA1F9C43DF9
S315020096083FAC663C2A9E4F3DFA90643D493BB33DCA
S315020096180E38AFBD7B89B33DD352FB3D293898BD81
S3150200962891F47EBD0C4D68BDE6DC86BC193F293D2A
S315020096389DB9D53DBA98E0BCEF709F3C858102BEC4
S31502009648B891B1BD6945F9BD505CACBD72C7AF3DB5
S3150200965858FDB2BDB33CDDBDAF11B53D6480F0BD6A
S315020096685A1B23BC69956B3DD8ED00BD824FA3BD3D
S31502009678E3789A3DE854FE3D7118533D766CC4BDB5
S315020096889B46173CC54A133E4031073E774B41BDC0
S31502009698C8DEA7BD0A609F3C5619B1BE922EB43DDC
S315020096A8748CCABBAD7C8E3EFC863D3E0DF2F7BD80
S315020096B8A2F3B3BD1C4E393E82FA05BD5CFBBEBEA3
S315020096C8E68BF0BE0A3DE4BD0C0DE83D4FC2993E5D
S315020096D86C5C023F1C1F043DAE8897BE72DDA83E35
S315020096E85CC3FB3EBCA5023FB4D46ABE150B353E2D
S315020096F89439ECBDACBC81BE57B29B3EC6B8053E9A
S31502009708A1E0A8BD4E57003E6BE36EBE1AE31CBF2E
S315020097183EE858BE467B8E3D3E4CB63D308E3E3EBA
S31502009728FA7BED3DE6807B3D25634B3ED532A2BBF7
S31502009738FF28B9BEBA7A93BE3CF3513E0FFE893E64
S31502009748EFB60D3FE1ABD43CC283D4BE2293D3BD60
S31502009758547FECBD59A16CBB823DDCBBAAA2E13B9E
S3150200976802C86D3EF73F59BB73B0433D8B29A6BD70
S31502009778AC91843C39E30C3D8433EBBD39DA183EAF
S3150200978858D1AE3DB0CA893D477257BD341B36BD66
S3150200979896832A3DF787FBBBB38E29BD09D03B3D8D
S315020097A81DE1DCBCAD007A3E1F35323D0EDD0CBE36
S315020097B80F77003D8807B63D8B7A0DBEB75F24BE8C
S315020097C83CB8B8BDEEF931BEAFC79C3D3F7F11BE6E
S315020097D8CF58613D0CDEA3BD7A6622BEFD2158BD77
S315020097E8D260F8BD73E0533D90DF06BE63D4333EC4
S315020097F84BC00B3DB9611EBD353E5B3D1FF615BD1F
S31502009808A911EE3D22D70A3E541C0F3E454AE53BB6
S31502009818DB62BB3D5BE33BBDAC32EE3DA8001DBE41
S31502009828959019BE67157E3DDDF74BBD5F2AE43D6F
S3150200983844F2D03DEB3D27BEAB50123D93ED3A3C88
S31502009848E7E0C23C26051CBC2DF109BDF42DB8BCC7
S31502009858203859BE3AE1EFBD46DFCCBD69A1F63DD7
S3150200986825D8A8BEE54C91BE34C6B2BDE1D1AABD83
S31502009878597206BEAF57C4BC511A6EBD69F2A03DF5
S31502009888B75C6D3CB4EDEABD33489E3C9B8FC03E47
S3150200989832922E3EAB4DD73C6687B83D8B5CF03A8A
S315020098A892C7EB3DC17A1F3E12502EBCDE1292BD04
S315020098B88132533D27233D3E02796EBD3154A83D80
S315020098C8A13832BEFE0DD1BC5181683D39D880BD62
S315020098D893EDBBBDE0CBA63D2D4489BD0B6AD1BC39
S315020098E81C62023EAA92943DC3A1CBBD1F41703DA4
S315020098F8155CF63D38F7D93D3D1694BD8249603D63
S315020099087403ACBCD8D6863C096ED4BCC4E9F5BC93
S31502009918C81214BEB76689BDA8EE0E3CFB87A5BD64
S31502009928709187BD5400BABD72BE843D9C04FEBACE
S3150200993807EBB43CD153C33D933DB53DD46E05BE4A
S31502009948B538043D487A923BB9CD06BE9526663CA3
S315020099581E23043D3C74D4BD5DBABD3D5BD5653C52
S31502009968CA8A56BD6A01D5BDB13D8B3DCBF3CF3D03
S31502009978A272083D9D94C03D0EF0183E2DF4A4BD7A
S315020099881F0724BC3B9EB43D8F09843D987B5A3DF4
S3150200999844C0D03C7EB3A0BD4B1C3A3DA227DF3C57
S315020099A837B817BDCB05573DDA0357BD9027CF3DCC
S315020099B802DF0ABD3DAC60BDEA5BAC3DC690AABDFE
S315020099C82EE701BE3700BD3D305E02BE835BD13D48
S315020099D8B29D0E3D47442B3D968D05BEA107FA3C26
S315020099E8CDB0EB3DBDE7AABD3B2811BA0181ECBD5E
S315020099F8A9265DBDC31FD43DE717E6BD43860C3DC8
S31502009A087F5AFF3DA381743B92EE583DFECCA63C9D
S31502009A180E9FD13DC9D17ABD4294E93C2F7FEBBD59
S31502009A2889A940BE68C700BE9956A7BC98979DBC2F
S31502009A3832AB673DB3C0B0BDB626E93D65D5FE3D3E
S31502009A487CA6853CEE1F48BD60CEADBD0B7A8D3D2A
S31502009A58F46270BD3636FC3DF4E540BE270816BDF5
S31502009A686291013E565C113E30DF863C55C131BDDE
S31502009A785DA8D13CF8E73CBDA240363D74A7C83D77
S31502009A880476033E7966F03C3F354CBD40328A3D4A
S31502009A988ACF9EBDA6AA933D2158833C0CF990BD58
S31502009AA879A25D3D34F0F83C84CB91BCD3A9D23D72
S31502009AB8033ACE3D29FEBCBD60D77C3C34CE523D2E
S31502009AC8205B98BDF08D4E3DB885DF3D8439063D55
S31502009AD852F3083D5313CABC4475D13C281F213D95
S31502009AE8C72283BD96D4743DDF3FBD3AFA48AD3DE1
S31502009AF888CF833945E6983D0993D63D9549D5BB26
S31502009B0806F77F3D9BFC18BEC7AC853DBB5DC53DD0
S31502009B18E213F5BD1E43C3BC7A8236BB4A05813DB4
S31502009B28603B223D134C463D4024ADBDC996A53D3A
S31502009B38DFEAD0BCFAF3C6BD8703D4BD3EA241BC58
S31502009B4836A6B13DF28D973D63C362BC02B1A5BD8F
S31502009B58D0DAD1BCDF6DBE3DAAF5963D0DD1F73DF3
S31502009B6861ED053E647C53BD1BFE023DA80E9EBDFB
S31502009B789DD754BD2F27B9BD2C0BA7BDF959A33DB7
S31502009B883F27D5BDD00212BDD81345BCC965093ECB
S31502009B98A6E0903D441D2BBDBFF683BC111995BDA9
S31502009BA89841A6BCF15BB23C7629863D8AC7493CF8
S31502009BB83A45C5BDDEA4123C96FC19BD4495E43C63
S31502009BC8DBA5D9BDB53FE13C418E81BDB24A92BC07
S31502009BD8095BE13DE5A889BD3460D43D4463A03DF7
S31502009BE8DCB37F3D83A3C53B12799B3C4F0E0D3DEB
S31502009BF86A7D82BA55B1463D53B3D83DC409D03CB5
S31502009C08545ED4BD7CA8713DF15B5C3DAA5B85BD03
S31502009C1815C2A73D2918983D39D4033EF75908BD00
S31502009C28FECB0A3EACD095BD3593DB3D7D732DBC8C
S31502009C38EB3F49BDB1273CBEF74FB8BC39AADB3C5E
S31502009C48A1C5C6BBFF5B7EBDF3BF03BE8722D8BDD7
S31502009C581207943D1E798CBDA9538A3DB835C43C7A
S31502009C68ADAD02BDADC55FBD0A24013E6444A03D4B
S31502009C78AFF7823DE1A57B3DC406A4BD5704BA3CB5
S31502009C88991CB63C346B6E3C40952DBD9BBB5B3D27
S31502009C98AB43E63DAA4A9FBC5C2832BB3DC6A73CFD
S31502009CA82E7C5B3DBF0389BDC9D976BDFF07FE3D44
S31502009CB8F4979D3CBB47A5BCAEAC07BE8B1CF73DD3
S31502009CC8DDDDA23DC5A4063E157CE5BDF65A4DB9B5
S31502009CD80720BD3DB069A9BD643ED7BD638E51BCA0
S31502009CE864C4033DC2C2C13CC511FA3DB8C8F5BD3C
S31502009CF88E4C8D3DAC88E8BD66630B3D9F026B3C7E
S31502009D082AA703BDB75102BE83388D3CB307A2BD4D
S31502009D188189053C2BD88A3D07E257BDA16909BE50
S31502009D288CAE273D26A5A93D50502BB91C13B63B30
S31502009D38782418BD43BFF1BDA96C83BD0D468A3C84
S31502009D480E6B4F3D31FCD93CB2C6D73D3712A23D08
S31502009D58C286A3BD144D88BD5EF0193E7175423E9A
S31502009D684972593C3D52A03D027603BDAA6536BDED
S31502009D788EB80C3E25EC9EBE32AD133EA9907BBD35
S31502009D884290213D54DF76BD5DF9053EEDD1A1BC79
S31502009D986B978BBC3AF9863E16C0173DE4F4ADBC08
S31502009DA855434BBD6FD995BCDFEDDA3C0B6BD1BD84
S31502009DB80F52723DB3A1683D16C4693A2F900FBE81
S31502009DC827A6E63D20BF9F3DB0A6103E57B215BE58
S31502009DD8173B0D3ED3A801BB400CD73DCA28423DCE
S31502009DE8A5F7D8BD7988603D2958BC3D9DB3F73D96
S31502009DF85C8495BD357A11BE188BDCBD5A6C07BDDD
S31502009E085141B23DAEBD96BD21B85A3E79C9A4BDEF
S31502009E18957F9FBC9EDFDBBD4C09E1BD6EF3DC3B43
S31502009E2858F7E23C1E3D8C3D3CFCC1BCF0B43DBD3E
S31502009E38EFFFD03D88C2893C04F1E93D7A38813D7D
S31502009E48BACE183EB55D64BDEE34D43D079C063DD8
S31502009E58E5E64C3EA9CADD3CD1BBEB3D6CBDF33D04
S31502009E680B83F1BC8ED9A53C77C3BF3D032035BD14
S31502009E78C06AADBDC8918C3C49F2BF3DC63F25BEFE
S31502009E88F232EE3DA23443BD37EE0EBEB3192ABDF9
S31502009E98A4BAA83D8CE94C3C1654C13DA882783D2B
S31502009EA895C6953D6B9923BE28C5423DAC4E2A3EC2
S31502009EB8AEEFA83DC37F5D3C051BEA3D782D8EBDFE
S31502009EC833D8953D6CD7873D77761E3D56D41E3DD1
S31502009ED877FB0FBE278CB73DB6E3843EDE1D5DBE1B
S31502009EE82CFC5F3E3735943DA7C321BC9756BF3D30
S31502009EF8F4C9483E774E6DBD71D6C63DC5E5B53D3A
S31502009F082835BD3C40BDB0BD47E033BA9382DC3C40
S31502009F189EA8CABD89C91DBD0821F83C997303BE0E
S31502009F28E17A31BDF31BFD3DC0D2B53DA0E608BDC1
S31502009F380B491FBE923F79BD371F5DBE836B91BD2C
S31502009F482FFDFE3D9170AFBDF75FB33C3F68BCBDC8
S31502009F58D79D533E15A1963DE349583DCC12213D66
S31502009F68D8900C3EB07D153EF270763D9B39AD3DDC
S31502009F78854595BD9E2ECDBC773322BD854654BEFA
S31502009F88EB7B0B3D3A7DE3BD2542A63D0F7BFFBD2C
S31502009F98C87D163D6DA429BD10483EBE866B90BE8F
S31502009FA8A2C1C53D778A333EF9EBF03DC5E1E13DF5
S31502009FB8032349BE7F4AE83EB80E38BDEBA0853E6C
S31502009FC88E40EFBDDF0B19BD5A1351BDBBEAA4BDC6
S31502009FD83FC6AC3DB0E8AD3E1A8D5B3E4DA433BDDF
S31502009FE8706A193EA40B563E094D0C3E154EB63EF6
S31502009FF8DFFCE9BD29079CBDB8C99D3EB2376E3E56
S3150200A0085A09333E35BC0A3EAD25203ED07826BED7
S3150200A0186BE4B73D1417F33EFAB9903E539CDBBB8B
S3150200A0284D082ABE2C26E9BD73EB2BBD360948BD61
S3150200A0383F9580BDEA9B36BF2EEB943D04D9D63EAA
S3150200A048DAF024BDECF3C4BC6087BB3D36A404BE7B
S3150200A0588A79C13E49F49DBEB56F8C3EF337A13D60
S3150200A0687A5F11BEE1FEB8BDB5F12ABE8E40F3BDD8
S3150200A078CD69E4BE039869BBA05900BE6AB4AFBDF8
S3150200A088515861BDD73169BEC9EC52BD842D5F3EB8
S3150200A0988CCDD2BEB9E0343E330B373E58747EBD02
S3150200A0A8B279C43DCD54A5BDAD0E413EDF42DFBEF9
S3150200A0B80F14833DA307E83D794E30BE84E320BEE4
S3150200A0C8650B533D199B42BE42FCE5BDFC03FF3DB1
S3150200A0D816739B3ED4D938BD46F1AFBE6C875E3D3A
S3150200A0E879C5223EF8815DBE62EAAC3E81AE253E66
S3150200A0F864F7C7BD5595103E8AA5F9BDE20A323EF8
S3150200A1088DE110BC03493DBED4A1B1BE92582A3D89
S3150200A11803503F3EAE5F8DBE23540D3EFC3CD23EFD
S3150200A1283A6B413D0D7FF8BE4C033E3E20C3E1BE6D
S3150200A138121FCA3C77E748BD07E71ABE9BBD993E80
S3150200A14841E37B3E981D933E6793CFBEBBB58CBE5B
S3150200A1586727FABD42EE0D3EC60E82BED5303CBE1C
S3150200A168F3AA323D561B4CBE3FD1253EB63B093EAD
S3150200A1789D96313DC41B68BE3C4C91BCBD3F54BE46
S3150200A1884A4762BEA11EA93EDBB93ABD860F1CBE6E
S3150200A198AD4D2C3DCC5399BDD34F2A3DFF71EE3EB2
S3150200A1A8435D613DC2A2CCBDF2DE90BD0C54043EB5
S3150200A1B81FEF093E8E28BEBE373F89BE65B2A43E52
S3150200A1C8375F863A0776D63DB2A188BC35FF58BEB8
S3150200A1D89403E13EF2C4353EEC8583BEAD07113EDB
S3150200A1E8B8E7943E9420F13C49ED1CBEBDF0A4BCF0
S3150200A1F85F4BC7BE6C9459BE54680E3FEC93323E11
S3150200A2088DFFDABD74876CBE3BB2433ED6F5053F79
S3150200A2182A6EA9BDECC1843EDA1C62BD1C56043EF8
S3150200A228DC75173ED3766C3D2074C13DCC88CABD19
S3150200A2384ED834BED0BCA33E9E4A02BE13B5753D67
S3150200A248C18ADB3DB8C2C73BD591BE3DBFB7893D82
S3150200A258CD3E643EC2C3773DEAC0A2BEB36712BE14
S3150200A268F3FA52BE346A413E0D0406BD1B0D473E43
S3150200A27838A79ABEF36C9CBD713DDD3D2B4C0FBDD4
S3150200A2881B45033EC9DA2C3E38107E3E23D568BEEE
S3150200A29843C483BB16C2253D8139E23CBA8E05BE4C
S3150200A2A879C0DEBD98E4853EBB0B8F3E3C2CBDBE15
S3150200A2B866D1923D3A62E8BDCB1BB83C309CCC3C99
S3150200A2C82E0F64BE11D207BEC49C36BD68C508BE31
S3150200A2D8859A97BD4BCE20BD6AFB60BC05148A3DA4
S3150200A2E8522604BE3D7BDA3E10AC51BE165B053DD6
S3150200A2F827E19E3DA92403BDDFD6D9BDA76E9FBE21
S3150200A308AE50C0BDCE083BBFAFA4CB3D3CC2E1BCFC
S3150200A31830BB0E3C0BFF583B6DD2093E1C2CF7BDD9
S3150200A32842542A3D550DB5BE5C20A63E8AC66D3DF1
S3150200A3384A7810BDDD1D453DBE4A80BD801BAC3E38
S3150200A348076FE8BE4DAF073EDA5290BE4916A8BC63
S3150200A3587643EEBDA7063E3EF755E93C10678DBE2D
S3150200A368343B9A3E3EF5BDBD191BEFBC4B31DCBCF6
S3150200A378CB752F3D6F0CC23D8493D4B9EE8D38BE92
S3150200A3889592133B98D7303D9F30803DF27B83BE32
S3150200A398E0A4663EF0455A3E6BDD893E73819FBE58
S3150200A3A808FFA13BBFD2EB3D154AE1BDE593CB3D84
S3150200A3B8C13476BE49E53CBEC4A89FBD65E7CE3C1E
S3150200A3C8DDAC8EBCE637ABBB8F2CC7BD5446223EEE
S3150200A3D8E63C223EDFB6F23EF1E7E3BEB433BBBE4D
S3150200A3E8E643D1BECDC7543E670F3ABE5AECEFBE1E
S3150200A3F8C4E22BBD4BF934BE0A24563DF4F611BD10
S3150200A4082D8207BBA4CC97BB516A19BED68E253DB1
S3150200A4187580FF3E7CEBB0BE7B24FE3CB61D7BBB43
S3150200A42875A22ABEAF4630BD2C50DE3DB27F9D3A9C
S3150200A438D97752BF07E70BBE04DFD4BD118BCEBC5A
S3150200A448A0B899BD5C9DCD3D15EF96BEE4EB65BE01
S3150200A4584AF4A03E2107D4BDFD63143E4753093E84
S3150200A468387EBABD45C21FBE720A673E3D4F03BE5D
S3150200A478FA351DBB69FE8B3EDF2AF53DDF1E3C3CE5
S3150200A488961B22BEFF1E673E39C1253E344F07BBC7
S3150200A4987158F0BCF2283CBEEBC6BB3D5B3C4DBED8
S3150200A4A8C84ECEBDB5D167BE011D3D3DE84617BEB5
S3150200A4B84D270BBDB9DF073D8255D8BD80CC93BE6B
S3150200A4C8300F1B3E81C5A4BE29CD523B8E0C77BEEA
S3150200A4D888A89E3E96B5E9BD6EB0283DE2D497BDE2
S3150200A4E82270203E236E353FB03A083EBC5A3B3EA8
S3150200A4F89913553E25C0613EB80CDABC83D2A8BE74
S3150200A508F34607BEA82CEC3D44BC603E6F641BBEF6
S3150200A5185F2055BD9033E0BDC473CB3E55F36B3E09
S3150200A528C72816BD8A0E873EE73EF73C582279BDF4
S3150200A5389A388E3B7A6C273EEA68AE3E6E489E3E55
S3150200A548755E7DBE7A8052BDCEC750BE1145573E56
S3150200A5581FE1123BDB5307BFA3DEA73D0007C13D40
S3150200A56838212A3DBA77E13DC972153EB7A4C3BD63
S3150200A57831892ABED8A10E3E9B26C5BD082EA03E0D
S3150200A5888F1A0EBEDF29393EA293DE3D1E7619BE0C
S3150200A59840CBBFBE093350BE453C163F6DF266BE80
S3150200A5A8CEAEB43EAA898FBDB5FD45BDDA27B8BE83
S3150200A5B8D9CF233DEAC64E3E71DC45BEB2F2233EF2
S3150200A5C8983F6E3ED25072BEB77F90BD09F10F3EDC
S3150200A5D812741DBD1BC3B3BEE6AFC43D5B7ED4BDBC
S3150200A5E8A2EF6DBE4E22C33D6F5FDB3DFCB2803CDF
S3150200A5F88A29533D7B9FAABE0DDF343E47061F3D7F
S3150200A608AA3BB1BD941ABA3C000413BCE88B0E3EB1
S3150200A61815D4EA3CD67C303E9C0689BE3F08F0BD7E
S3150200A628070A64BE37EA0EBE6359A5BE705CAEBDA4
S3150200A638398D36BEEDDA673E8BF6B83CC55C6A3CA8
S3150200A648ACA78D3DA662ED3E0D30393E315C1A3E11
S3150200A6587E8F663ED5BFC13D2316F53CB5109DBD1E
S3150200A6684E27863E205D3EBC63E529BEA15DFB3EC4
S3150200A6783D4612BE015C9DBD47728ABDF11F4FBDA4
S3150200A688C0A9BD3EA0A19CBEC74D503F41AAB53D3B
S3150200A698442C82BBC0AD81BD6E5CA13DE32D4B3D12
S3150200A6A8C0F88A3CEAF6FBBE6A79A4BCA0D5883E05
S3150200A6B840DE143EAEE0A2B9CFBF95BA6CD0783D63
S3150200A6C8E081763E44D2993C53EFAC3D49AE8D3D8E
S3150200A6D85E9026BA34C763BE0DC0AE3EC0BDE7BDA6
S3150200A6E8949A053DE6DB843E9314D8BDD97215BE0D
S3150200A6F81440843E6548C3BD14BAB0BE910A3ABD39
S3150200A708055D803C851CF2BD6DB5B2BD3D28BBBD5D
S3150200A718A5D2363CC065003E2E6B733ECAB295BEC4
S3150200A7284E953FBD91B716BE69250A3EA003143E53
S3150200A738190316BD2990103B0DE9ACBD4AEAB53E90
S3150200A748D6D480BDDF2E46BEC991A9BD90B4D2BC6F
S3150200A7583CAA65BE09157BBDC6FC2D3EC64597BEFD
S3150200A768B5412F3E3DD523BE2DD2213EA195E73DCB
S3150200A778562C063D7D0F863EB10B00BF959602BE4E
S3150200A788FFA1C8BD26DC453D648AC9BD00C5383E61
S3150200A7980828B83DE9CF99BEC022C23C4C92C83DB2
S3150200A7A8DA6A1EBC1DBB23BE43F0333D429589BE01
S3150200A7B8CBA5323EE036B83E21F333BE6BBB85BE2F
S3150200A7C8B03E60BE4B6A1C3E24CD6CBDFC315E3D7C
S3150200A7D866E7443DF7575CBED101223CDE3FCB3DDE
S3150200A7E8DC5E243EED34A7BD52FC5F3DB64E47BE45
S3150200A7F82E2CAA3D17C677BD40A1B0BE95969BBE24
S3150200A80889A963BE0B1B7E3D10CAE43CDE5C393E59
S3150200A8182E9EB1BE1E0666BA49C4623EDAE314BE6D
S3150200A828B253233D4760F23DC6BC1BBEF45FC9BEA8
S3150200A838AA79CABD418D6EBE7081A43DBD9FB83D41
S3150200A848B4E82EBE870212BC1CB6D9BD33DEC7BE1B
S3150200A8584B6C3F3E8E0EB2BC48DB973E1211D1BD01
S3150200A868AC0D043F5CB3AB3D56E276BE6812B4BD8E
S3150200A87813F8073FF480EDBEE436D1BDA5C3E13E29
S3150200A8880FD7ACBDEEC0A2BE6891CD3E76DC303C99
S3150200A8988899C93DD2E7AEBD324807BD3ED2193DB9
S3150200A8A8F9E3BF3DBD1E0F3F7398193E565284BE4B
S3150200A8B8A22E03BEB763B6BB746D323A7B9CF93CD3
S3150200A8C82A62B7BEC302A93EA0B3AA3D97E1DB3D01
S3150200A8D8977EE93D7015923D18A57E3EDF73D3BE7D
S3150200A8E8A20E2D3F2652AABDD680903C63FF233C7A
S3150200A8F89A7295BE03EB473EB03E343EDEA6CB3D8A
S3150200A90889BAB2BD7E2F0C3D281C86BECCB2143E37
S3150200A918B8A7163E5B769DBDD44FF23CE34DC7BC45
S3150200A92856D5CEBD5F8ECCBD5F4130BD65DC80BDE0
S3150200A93857A28FBE57121F3E7D2A0D3EAEC4B0BD2A
S3150200A948D4BA08BE59830FBE4FF8BABC528CAE3E73
S3150200A958C6D3A2BE63048C3C3A8D813E2FAE613CBF
S3150200A968586FBBBCF51B0BBEA30AC1BDC71336BEC7
S3150200A9787BFDEC3BBCFAD53EA22009BF19633DBE5E
S3150200A98844B2993D321C8B3D3FB2343EB11C03BEE4
S3150200A9983543843E61B6C3BEAABE23BE031334BE84
S3150200A9A85169F43D10B0623E3E6DAE3C5B81023E9B
S3150200A9B827FCBD3D74BC8BBDB8E72CBE15B8563D09
S3150200A9C8750E5ABD5227883D2A9C303E6CA4423EDB
S3150200A9D8AECDF0BEC9794C3E85E83C3E97BC3ABE40
S3150200A9E8EC63E23DCCA4EABD145CE7BD2A0BDDBEEE
S3150200A9F8BB1C583EB7BF30BD14E5913E55D692BC36
S3150200AA082FA5763E50C19E3EEBB8D9BD1201D73E60
S3150200AA18F49CCFBCEC392F3E4992C33C735531BEE8
S3150200AA28DC0DC23D1CF883BDB114CB3C0575AC3EAA
S3150200AA381A3938BEDA746D3DF27902BD16F70EBEC2
S3150200AA48BFC1973DBC5082BDFD0FA8BCB166AF3DE4
S3150200AA58BBE9B43BDDAC083DC806C03D7ACFC33D71
S3150200AA689FEA4C3E2614A7BE4DCC94BD4347BDBDB6
S3150200AA787499EC3D61A5B83C501C843DD662593D9B
S3150200AA884EF2073E8625B53D7E6D5B3D825C243ED1
S3150200AA98F0F2B23D274175BE0784B3BC5ECB953B47
S3150200AAA8BA11AA3DE83622BE6F196CBCE6961B3E61
S3150200AAB8C9CBA1BC569294BD5C6F453E19914DBE59
S3150200AAC8D95C49BED20EAC3D9268D2BDAE4FB4BD7A
S3150200AAD8BDBCEDBA0090783D0000F0410000F0419F
S3150200AAE80000F0410000F0410000F0410000F04192
S3150200AAF80000F0410000F0410000803F0000F041F4
S3150200AB080000803F0000C8410AD7233C0000003FEE
S3150200AB180000003F000000000000000000000000E6
S3150200AB280000000000000000000000000000000015
S3150200AB380000000000000000000000000000000005
S3150200AB48000000000000C8417F6ABC3C000000000B
S3150200AB580000000063616E5F72785F7175657565E6
S3150200AB68000000002E2E2F7372632F63616E5F74CE
S3150200AB7861736B5F656E7472792E6300745F6D73B1
S3150200AB882C565F6D562C495F6D412C54737572664F
S3150200AB985F63432C536F435F70706D2C5670315F41
S3150200ABA875562C5670325F75562C52305F756F6823
S3150200ABB86D2C696E6E6F765F7261775F75562C695A
S3150200ABC86E6E6F765F757365645F75562C505F732C
S3150200ABD86F635F65392C505F7670315F65392C502B
S3150200ABE85F7670325F65392C505F52305F6531325D
S3150200ABF82C54636F72655F63432C536F437472758B
S3150200AC08655F70706D2C54636F7265747275655FDB
S3150200AC1863432C706C616E745F737465702C776312
S3150200AC2865745F75732C56707265645F62617365CD
S3150200AC385F6D562C56707265645F636F72725F6DD4
S3150200AC48562C64495F6D412C5261646170745F656C
S3150200AC58392C64566E6E5F75562C6E6E5F666C6125
S3150200AC6867730D0A00000000256C752C256C642C90
S3150200AC78256C642C256C642C256C642C256C642C40
S3150200AC88256C642C256C642C256C642C256C642C30
S3150200AC98256C642C256C642C256C642C256C642C20
S3150200ACA8256C642C256C642C256C642C256C752CFF
S3150200ACB8256C752C256C642C256C642C256C642CEF
S3150200ACC8256C642C256C642C256C750D0A00000015
S3150200ACD8626D735F6D7574657820213D202828762C
S3150200ACE86F6964202A293029000000002E2E2F734E
S3150200ACF872632F6E65775F746872656164305F652B
S3150200AD086E7472792E630000706C616E745F6D6189
S3150200AD18696C626F785F6D7574657820213D2028AD
S3150200AD2828766F6964202A293029000075617274B1
S3150200AD385F657272203D3D204653505F535543432B
S3150200AD484553530043414E0063616E5F7461736BF2
S3150200AD585F68616E646C6520213D202828766F69DC
S3150200AD6864202A29302900005F5F657374696D6162
S3150200AD78746F725F5F000000657374696D61746F4A
S3150200AD88725F7461736B5F68616E646C6520213DE6
S3150200AD98202828766F6964202A29302900000000B5
S3150200ADA84E65772054687265616400007563535670
S3150200ADB8434E756D626572203C3D203300000000EB
S3150200ADC82E2E2F72612F6673702F7372632F726D18
S3150200ADD85F6672656572746F735F706F72742F70D7
S3150200ADE86F72742E630000002828285343425F546A
S3150200ADF8797065202A292028283078453030304550
S3150200AE08303030554C29202B20307830443030559C
S3150200AE184C2920292D3E4943535220262028307892
S3150200AE28314646554C202929203D3D203000000058
S3150200AE387578437269746963616C4E657374696E79
S3150200AE4867000000756C43757272656E745072699C
S3150200AE586F72697479203E3D2028282828312929CD
S3150200AE68203C3C202838202D2034292929203E3E02
S3150200AE78202838202D203429000000005F5F4E5616
S3150200AE8849435F4765745072696F7269747947728C
S3150200AE986F7570696E672829203C3D202838202D59
S3150200AEA8203429202D2031007851756575650000FA
S3150200AEB82E2E2F72612F6177732F46726565525453
S3150200AEC84F532F4672656552544F532F536F7572FF
S3150200AED863652F71756575652E6300007078517507
S3150200AEE8657565007852657475726E20213D202855
S3150200AEF8202820282042617365547970655F742082
S3150200AF0829203020292029007078537461746963D6
S3150200AF1851756575650000007853697A65203D3D6F
S3150200AF282073697A656F66282051756575655F7441
S3150200AF382029000070784E657751756575650000A1
S3150200AF487848616E646C650021282028207076494D
S3150200AF5874656D546F5175657565203D3D202828C9
S3150200AF68766F6964202A2930292029202626202856
S3150200AF7820707851756575652D3E75784974656DCD
S3150200AF8853697A6520213D2028205542617365540C
S3150200AF987970655F74202920305520292029000000
S3150200AFA8212820282078436F7079506F7369746955
S3150200AFB86F6E203D3D202820282042617365547912
S3150200AFC870655F7420292032202920292026262010
S3150200AFD82820707851756575652D3E75784C656EB5
S3150200AFE867746820213D20312029202900000000AD
S3150200AFF82128202820785461736B47657453636847
S3150200B0086564756C657253746174652829203D3DC3
S3150200B018202820282042617365547970655F742060
S3150200B02829203020292029202626202820785469FC
S3150200B038636B73546F5761697420213D2030202950
S3150200B0482029000028206354784C6F636B2029203E
S3150200B058213D2028202820696E74385F7420292013
S3150200B0683132372029000000707851756575652DD3
S3150200B0783E75784974656D53697A65203D3D203081
S3150200B0880000000021282028207078517565756512
S3150200B0982D3E706348656164203D3D202828766F01
S3150200B0A86964202A2930292029202626202820706A
S3150200B0B87851756575652D3E752E7853656D617087
S3150200B0C8686F72652E784D75746578486F6C64651D
S3150200B0D87220213D202828766F6964202A29302982
S3150200B0E820292029000000002820707851756575EE
S3150200B0F86520290021282028202820707642756696
S3150200B1086665722029203D3D202828766F696420CD
S3150200B1182A29302920292026262028202820707826
S3150200B128517565756520292D3E75784974656D5387
S3150200B138697A6520213D2028205542617365547934
S3150200B14870655F74202920305520292029000000C7
S3150200B158785461736B0000002E2E2F72612F61776F
S3150200B168732F4672656552544F532F467265655260
S3150200B178544F532F536F757263652F7461736B73D4
S3150200B1882E6300002820282028202820707844656D
S3150200B1986C617965645461736B4C69737420292DEB
S3150200B1A83E75784E756D6265724F664974656D7344
S3150200B1B8203D3D2028205542617365547970655FAC
S3150200B1C874202920302029203F2028202820426167
S3150200B1D87365547970655F74202920312029203AD5
S3150200B1E8202820282042617365547970655F74208F
S3150200B1F8292030202920292029000000707578533B
S3150200B2087461636B42756666657220213D20282843
S3150200B218766F6964202A2930290000007078546103
S3150200B228736B42756666657220213D202828766F03
S3150200B2386964202A293029007853697A65203D3DB8
S3150200B2482073697A656F6628205443425F74202901
S3150200B2580000000075785072696F72697479203C33
S3150200B26820283629000000007852657475726E200F
S3150200B278213D2028202D31202900000075785363AE
S3150200B288686564756C657253757370656E6465641A
S3150200B29820213D2030550000707850726576696F1E
S3150200B2A8757357616B6554696D650000282078547B
S3150200B2B8696D65496E6372656D656E74203E2030F0
S3150200B2C85520290075785363686564756C657253F1
S3150200B2D8757370656E646564203D3D2031550000C6
S3150200B2E87578546F705072696F72697479000000CC
S3150200B2F870784576656E744C697374007078556E0D
S3150200B308626C6F636B6564544342000070785469DB
S3150200B3186D654F757400000070785469636B7354D9
S3150200B3286F576169740000007078544342203D3DAE
S3150200B33820707843757272656E7454434200000039
S3150200B34870785443422D3E75784D757465786573E9
S3150200B35848656C6400000000707854434220213D21
S3150200B36820707843757272656E7454434200000009
S3150200B378546D7251000000007854696D65720000C0
S3150200B3882E2E2F72612F6177732F4672656552547E
S3150200B3984F532F4672656552544F532F536F75722A
S3150200B3A863652F74696D6572732E63002820707841
S3150200B3B854696D65722D3E7854696D657250657271
S3150200B3C8696F64496E5469636B73203E2030202985
S3150200B3D800000000546D722053766300785265743B
S3150200B3E875726E0063616E5F7461736B5F656E740E
S3150200B3F872790000000000000000008000000000D2
S3150200B408010000006E65775F746872656164305F7B
S3150200B418656E747279000000000000007400002254
S3150200B428911300020000000028000022020406050B
S3150200B438030200000209020A020B020C00000000C5
S3150200B44800000000951E00020000000058B4000229
S3150200B45800010000840000220F00FFFF0000000127
S3150200B4680100000000000000450000007CB4000254
S3150200B478000000000000000000000000008000003C
S3150200B48802000000008000000300000000800000A7
S3150200B4980400000000800000050000000080000093
S3150200B4A807000000004000000800000000400000FD
S3150200B4B809000000008000000B0000000080000068
S3150200B4C80E000000008000000F0000000008011CAA
S3150200B4D8000100000008011C010100000008011C0F
S3150200B4E8020100000008011C03010000000C011CF7
S3150200B4F8040100000000011C050100000000011CF7
S3150200B508060100000400000007010000000C0117F4
S3150200B5180C010000000001170E01000000040107DB
S3150200B52805020000000401070602000004000000EC
S3150200B53807020000000001000802000000000100E6
S3150200B54809020000000001000A02000000000100D2
S3150200B5580B020000000C011700030000000C011783
S3150200B56801030000000C011702030000000C01177A
S3150200B57803030000000C011704030000000C011766
S3150200B58805030000000C011706030000000401175A
S3150200B5980703000000040117080300000000010564
S3150200B5A809030000000001050A030000000001105B
S3150200B5B80B030000000001100C0300000000011339
S3150200B5C8070400000000011408040000000001142A
S3150200B5D809040000000C01060A040000000C01061A
S3150200B5E80B040000000C01060C040000000C010606
S3150200B5F80D040000040000000E0400000000011300
S3150200B6080005000000000113010500000400000007
S3150200B618000600000008011C000800000008011CC2
S3150200B628010800000008011C020800000008011CAD
S3150200B638030800000008011C040800000008011C99
S3150200B64808080000040000000908000000000113B1
S3150200B6580E080000000001130F080000000C010488
S3150200B668020A0000000C0104030A0000000C01048F
S3150200B678040A0000000C0104050A0000000000008C
S3150200B688060A0000000C01050E0A0000000C01055E
S3150200B6980F0A0000000C0114010B00000000000054
S3150200B6A8610062006300640090018F0191018601C6
S3150200B6B8850139013A013B013C01000076506F725F
S3150200B6C87456616C6964617465496E7465727275E3
S3150200B6D870745072696F72697479000076506F726D
S3150200B6E87445786974437269746963616C00000011
S3150200B6F876506F7274456E746572437269746963C3
S3150200B708616C000076506F727453564348616E64DA
S3150200B7186C65725F4300000002040304040400001F
S3150200B7280001020304050607080C1014182030400D
S3150200B7380800000058B800020F00000068B70002AF
S3150200B7480300000050B7000200000068000000680D
S3150200B75800000080000000806002002260020022D1
S3150200B7680000006800000068000000900001090D52
S3150200B7780000006800000068000000270001020DB2
S3150200B7880000006800000068740000020001010D54
S3150200B79800000080000000800000009000010908F7
S3150200B7A80000008000000080000000270001020857
S3150200B7B800000080000000807400000200010108F9
S3150200B7C800000000000000000000009001010905C9
S3150200B7D8000000000000000000000027010002052A
S3150200B7E800000000000000007400000201000105CC
S3150200B7F8000000200000002000000090010109045A
S3150200B80800000020000000200000002701000204BA
S3150200B818000000200000002074000002010001045C
S3150200B8280000002200000022000000900001090327
S3150200B8380000002200000022000000270000020388
S3150200B84800000022440200227400000200000103E4
S3150200B85800000068000000680001000D0000006892
S3150200B868000000680001000D000000800000008052
S3150200B87800010008000000800000008000010008A6
S3150200B8880000000000000000010000050000002082
S3150200B8980000002001000004440200226002002287
S3150200B8A800000003900600229CB400220000000358
S3150200B8B8010002000800100020000000765175659C
S3150200B8C87565416464546F52656769737472790069
S3150200B8D878517565756553656D6170686F726554E3
S3150200B8E8616B65007851756575655265636569763C
S3150200B8F86500000078517565756547656E657269FC
S3150200B9086353656E6446726F6D49535200000000B8
S3150200B91878517565756547656E6572696353656EB7
S3150200B92864000000785175657565437265617465D2
S3150200B938436F756E74696E6753656D6170686F7271
S3150200B94865537461746963007851756575654765F1
S3150200B9586E6572696343726561746553746174696D
S3150200B9686300000078517565756547656E6572698D
S3150200B9786352657365740000765461736B5072691D
S3150200B9886F72697479446973696E6865726974411C
S3150200B9986674657254696D656F757400785461735F
S3150200B9A86B5072696F72697479446973696E6865F6
S3150200B9B872697400785461736B436865636B466F8A
S3150200B9C87254696D654F757400000000785461738E
S3150200B9D86B52656D6F766546726F6D4576656E74E8
S3150200B9E84C69737400000000765461736B506C6185
S3150200B9F863654F6E4576656E744C697374526573EA
S3150200BA087472696374656400765461736B506C6111
S3150200BA1863654F6E4576656E744C697374000000F3
S3150200BA28765461736B537769746368436F6E746592
S3150200BA3878740000785461736B496E6372656D653C
S3150200BA486E745469636B0000785461736B52657344
S3150200BA58756D65416C6C0000765461736B53746145
S3150200BA6872745363686564756C65720076546173A3
S3150200BA786B44656C61790000785461736B44656C3C
S3150200BA886179556E74696C00707276496E6974696B
S3150200BA98616C6973654E65775461736B00000000CB
S3150200BAA8707276437265617465537461746963541E
S3150200BAB861736B000500000070727650726F6365E1
S3150200BAC873735265636569766564436F6D6D616EFE
S3150200BAD8647300007854696D6572437265617465B2
S3150200BAE854696D65725461736B00494E4600696EFE
S3150200BAF866004E414E006E616E00300030313233C0
S3150200BB0834353637383941424344454600303132B6
S3150200BB183334353637383961626364656600496E8F
S3150200BB2866696E697479004E614E005245454E54F7
S3150200BB38206D616C6C6F63207375636365656465FC
S3150200BB4864002F646174612F6A656E6B696E732F68
S3150200BB58776F726B73706163652F474E552D746FDD
S3150200BB686F6C636861696E2F61726D2D31332F7345
S3150200BB7872632F6E65776C69622D63796777696E72
S3150200BB882F6E65776C69622F6C6962632F737464B2
S3150200BB986C69622F64746F612E630042616C6C6F0C
S3150200BBA86320737563636565646564002F646174F5
S3150200BBB8612F6A656E6B696E732F776F726B73701E
S3150200BBC86163652F474E552D746F6F6C63686169A3
S3150200BBD86E2F61726D2D31332F7372632F6E6577F7
S3150200BBE86C69622D63796777696E2F6E65776C6902
S3150200BBF8622F6C6962632F7374646C69622F6D704D
S3150200BC087265632E6300232D302B2000686C4C006E
S3150200BC18656667454647004300504F534958002E0C
S3150200BC280000000005000000190000007D00000069
S3150200BC380080E03779C34143176E05B5B5B8934618
S3150200BC48F5F93FE9034F384D321D30F94877825AE4
S3150200BC583CBF737FDD4F1575000000000000F03F02
S3150200BC6800000000000024400000000000005940C7
S3150200BC780000000000408F40000000000088C3401A
S3150200BC8800000000006AF8400000000080842E418F
S3150200BC9800000000D01263410000000084D79741DB
S3150200BCA80000000065CDCD41000000205FA00242E1
S3150200BCB8000000E876483742000000A2941A6D4256
S3150200BCC8000040E59C30A2420000901EC4BCD64249
S3150200BCD800003426F56B0C430080E03779C34143F4
S3150200BCE800A0D8855734764300C84E676DC1AB436A
S3150200BCF8003D9160E458E143408CB5781DAF154488
S3150200BD0850EFE2D6E41A4B4492D54D06CFF0804462
S3150200BD18F64AE1C7022DB544B49DD9794378EA4477
S3150200BD2800202020202020202020282828282820FB
S3150200BD3820202020202020202020202020202020F3
S3150200BD48208810101010101010101010101010105B
S3150200BD58100404040404040404040410101010104B
S3150200BD681010414141414141010101010101010115
S3150200BD780101010101010101010101011010101067
S3150200BD8810104242424242420202020202020202E7
S3150200BD98020202020202020202020202101010103B
S3150200BDA82000000000000000000000000000000063
S3150200BDB80000000000000000000000000000000073
S3150200BDC80000000000000000000000000000000063
S3150200BDD80000000000000000000000000000000053
S3150200BDE80000000000000000000000000000000043
S3150200BDF80000000000000000000000000000000033
S3150200BE080000000000000000000000000000000022
S3150200BE180000000000000000000000000000000012
S3150200BE28000000006042A20D000000400000803FB2
S3150200BE384275696C7420776974682052656E6573F9
S3150200BE48617320416476616E63656420466C657829
S3150200BE5869626C6520536F667477617265205061FA
S3150200BE68636B6167652076657273696F6E20362E1D
S3150200BE78312E3000362E312E300000000000010629
S3090200BE88F8B500BF42
S3090200BE8CF8B500BF3E
S3090200BE90250300027C
S3090200BE94FD020002A1
S30D0200BE9872A9FF7F0100000000
S3090300A100FFFFFFFF56
S3090300A104FFFFFFFF52
S3090300A200FFFFFFFD57
S3090300A28000000000D1
S705020041298E
