S0150000626D735F74656C656D657472792E7372656393
S315020000006006002281420002454100027D42000252
S315020000107D4200027D4200027D4200027D420002D4
S315020000200000000000000000000000007122000233
S315020000307D4200020000000089220002F122000235
S31502000040A12E000235300002593100023D32000273
S31502000050793A0002013C0002D93C0002793A0002D8
S315020000604D3B00022129000291280002B12900021B
S30902000070FD2900025C
S315020000740000000000000000000000000000C8426A
S315020000840000C8420000000000000000000000005A
S315020000940000000000000000CC99000200000000ED
S315020000A401000000000000000018000064000022A5
S315020000B401000000480000220300000001000000C5
S315020000C4037300000273000000000000020C00002B
S315020000D40370600002000000160000000700000022
S315020000E401000000020000002C0000000F000000C6
S315020000F404000000104000008C00002200000000F2
S315020001045CBD0022C4BD00222CBE002200000000F9
S3150200011400000000000000000000000000000000D3
S3150200012400000000000000000000000000000000C3
S3150200013400000000000000000000000000000000B3
S315020001440000000000000000430000000000000060
S315020001540000000000000000000000000000000093
S315020001640000000000000000430000000000000040
S315020001740000000000000000000000000000000073
S315020001840000000000000000430000000000000020
S315020001940000000000000000000000000000000053
S315020001A40000000000000000430000000000000000
S315020001B40000000000000000000000000000000033
S315020001C400000000000000004300000000000000E0
S315020001D40000000000000000000000000000000013
S315020001E400000000000000004300000000000000C0
S315020001F400000000000000000000000000000000F3
S31502000204000000000000000043000000000000009F
S3150200021400000000000000000000000000000000D2
S315020002240000000000000000158200029581000211
S3150200023400000000F8A20002F7A10002E3A10002F6
S31502000244E3A10002E3A10002E3A10002E3A100028A
S31502000254E3A10002E3A10002E3A10002E3A100027A
S31502000264FFFFFFFFFFFFFFFFFFFFFFFFFFFF000090
S315020002740100415343494900000000000000000008
S315020002840000000000000000000000000000000062
S3150200029400004153434949000000000000000000E9
S315020002A40000000000000000000000000000000042
S309020002B4000000003E
S315020002B80348044B834202D0034B03B118477047E5
S315020002C8440200224402002200000000064B0749AD
S315020002D8C91A891048BF0131491003D0044B0BB122
S315020002E801481847704700BF440200224402002210
S315020002F80000000010B5064C237843B9FFF7D8FF73
S31502000308044B13B10448AFF300800123237010BDD8
S31502000318900600220000000084A2000308B5054BDF
S315020003281BB105490548AFF30080BDE80840FFF751
S31502000338CDBF00BF000000009406002284A200037D
S3150200034810B5D0ED007AF4EEC07AF1EE10FA4FDA73
S3150200035800EB810353ED017AB4EEE70AF1EE10FAE7
S315020003687ADA4FF0000E041D01F1FF3C04E0B4EE08
S31502000378E70AF1EE10FA07D4BCF1010C7346F4EC65
S31502000388017A0EF1010EF2D100EB830090ED007AAC
S31502000398F5EEC00A30EE470A77EEC77AF1EE10FAA2
S315020003A880EE277A01EB03002BD8F7EE005A9FED71
S315020003B82F5A02EB830302EB800293ED006AD2ED19
S315020003C8006A93ED010AD2ED017A30EE460A77EE1B
S315020003D8E67A20EE070A67EE877A30EE060A77EEA5
S315020003E8A67A20EE250A67EE857A30EE270A10BD30
S315020003F808469FED1E7A0023F5EEC00AF1EE10FAC2
S31502000408D3D9F3EE097AF4EEE70AF1EE10FA1ADA1C
S31502000418F2EE047AF4EEE70AF1EE10FA21D403EBCF
S31502000428410170EEE70A0346082408461049F7EE2A
S31502000438005A2144D1ED006A76EEE77A80EEA75A91
S3150200044875EEC55AB5E703EB4101DFED085A0346D7
S31502000458B7EE005A0846ACE78B1EB7EE007AC81804
S31502000468CAE70424DFED017AE0E700BF00000000D6
S31502000478E48900022DE9F04F2DED0E8B8DB0DDF8E3
S3150200048890B00446F0EE404AB0EE60EAF0EE418AD9
S3150200049889469246B0EE614A0193BBF1000F0CD031
S315020004A80023CBF80030CBF80430CBF80830CBF871
S315020004B80C30CBF81030CBF81430D4ED081AF5EE20
S315020004C8C01AF1EE10FA674B5F685D6800F14A835D
S315020004D8B3EE09DAF4EECD1AF1EE10FA3DFE21DAA0
S315020004E894ED001AB5EEC01AB6EE008AF1EE10FACD
S315020004F824EE888A00F13383B7EE003AB4EEC31AC3
S31502000508F1EE10FA33FE013AF0EE4D0A0C21564A84
S315020005185648B0EE430AFFF713FF0C21B0EE409A95
S31502000528F0EE4D0AB0EE430A514A5048FFF708FF6B
S31502000538DFED507ADFED506A68EE277A67EEA67A23
S3150200054871EE679A94ED077A9FED4C6AF5EEC09ABA
S3150200055837EE067AF1EE10FAB0EE40CA84ED077A63
S3150200056800F1FA82F7EE007AF4EE679AF1EE10FAE3
S3150200057877FEA99A94ED023A9FED41AA9FED417A38
S31502000588DFED3D7AD4ED012A23EE077A28EE0AAA90
S31502000598B7EE006A3AEE47AA2CEE27BA22EE8C7A12
S315020005A868EE09AA3BEE06BA7AEE87AAD4ED046A81
S315020005B82AEE27AA6AEEA7AA2BEE0BBADFED327A43
S315020005C8D4ED03CADFED315A2BEE26BAD4ED05BABD
S315020005D87CEEA7CADFED2E7A6BEEA5BA3BEE27BAFA
S315020005E8DFED2C7A2C4A6521F0EE4D0AB0EE690A47
S315020005F82A487BEEA7BAFFF7A3FE94ED062A22EE57
S31502000608087A7AEEA2AA70EE47DA3AEE03AA7DEEE5
S31502000618EADAF2EE007A7DEECADA00236DEEA7DA9E
S31502000628104A3EEE6DEAD2F80480CDE90633CDE9EA
S315020006380833CDE90A335668B9F1000F32D0BAF158
S31502000648000F2FD0F0EE440AB0EE640A5146F0EEDF
S315020006584E3A019A06A800F0E3FADDED087A3EEE74
S31502000668674A23E0001000E0D0820002608300029D
S3150200067840820002F4F9CA38CDCCCC3D77CC2B3275
S315020006886F120339CDCC4C3CBD370635425C7F3FF1
S31502000698ACC52737BD3786359083000250880002DD
S315020006A800000000B0EE4E4A5FED037A8DED024A75
S315020006B88DED03EA8DED044ACDED057A834B9DED6A
S315020006C8023FD3F80490D3F804A0BBF1000F0CD074
S315020006D8DC46CDED087A0DF1180EBEE80F00ACE83F
S315020006E80F009EE803008CE803004FF00A0E37EE6F
S315020006F8AD7A64EE046ADFED7E7A4EF001E094F894
S315020007084C00734A411CA2FB01C2D20802EB8202C8
S3150200071804EB8000A1EB420184ED153FC4ED19DA22
S3150200072884ED1A7A04F12403C0ED096A84F84C10A0
S31502000738B3EC017A77EE877A0FF007C0B2EE045A65
S315020007489FED6E6A87EE853ABAEE007AB4EE463ABD
S3150200075868EE077AF1EE10FAD4ED076A27EEA77A61
S3150200076848BFB0EE463A27EE267ADFED5A5A37EEFA
S31502000778037AB4EEE57AF1EE10FA84ED143A40F310
S31502000788A08026EEA76AC6EE073A23EEA37A63EEA0
S31502000798A77AF7EE004A64EE233A74EEE74AD4EDF6
S315020007A8067A64EEA44A73EEA73ADFED4B7A23EE95
S315020007B8077A64EEA64AF4EEE73A74EE874AF1EE51
S315020007C810FAC4ED074A00F1B281DFED447AF4EE7D
S315020007D8673AF1EE10FA77FEA33ADFED412AF7EE11
S315020007E8007A39EEA20AB4EEE70AF1EE10FAC4ED7F
S315020007F8063A79EEE22A40F3A38137EEE22AB0EE10
S31502000808670A6521F0EE4D0A364A3748FFF798FD22
S31502000818F0EE407A6521B0EE620AF0EE4D0A314AF0
S315020008283148F0EE672AFFF78BFD9FED2A6A32EE12
S31502000838C00A72EE066AF2EE005AC0EE262AFAEEEE
S31502000848007A62EEA52A9FED297A6BEE275A6BEE9D
S31502000858A76A62EEA27A2BEE072A67EEAC7A2BEE2D
S31502000868877A77EE827A77EE877A77EE837AF4EE6C
S31502000878C67AF1EE10FA2CEEA25A41DDF7EE001A0C
S3150200088881EEA76A26EE057A64EE077A26EE262A0E
S3150200089866EE255A77EEA97A64EE256AF5EEC07AEF
S315020008A824EE024A76EEAA6A34EE0A4AF1EE10FA03
S315020008B8C4ED016A84ED024A40F15781DFED0C7AF4
S315020008C836E09FED0B7AF0EE473A60E7001000E05B
S315020008D8CDCCCCCCFFE6DB2E6F12833ACDCC4C3E88
S315020008E817B7D13890830002508800020000804270
S315020008F800000000CCBC8C2BDC243428BD3786359E
S315020009085FED057A65EEA75A26EEA72A25EE277A1F
S3150200091824EE256A64EE026A36EE2A6A24EE074A4D
S3150200092876EE8A6A74EE297A84ED016AC4ED026A61
S31502000938C4ED007AB7EE006A62EE877AB2EE005A22
S31502000948BAEE004A62EEA56A25EEA51A62EE822A78
S3150200095865EE845A67EE071A27EE054A76EE677A37
S3150200096822EE055A22EE022A61EE831A22EEA27AB4
S3150200097824EE044A61EE032A67EEA77A22EE033AC8
S3150200098836EE652A24EE0B1A66EEA66A67EEAC7A8E
S3150200099822EE022A35EE066A66EEAC6A65EEA55ABC
S315020009A825EE055A24EE2B4A77EE817A22EE0B2A99
S315020009B825EE0B5A27EE2C7A65EEAB5A26EE066A18
S315020009C877EE847A76EE826A77EEA17A37EE057A40
S315020009D85FED381A26EE2B6A76EEA56AF4EE617A90
S315020009E837EE067A76EEA26AF1EE10FA37EE037A57
S315020009F8F4EE616A1FED405A48BFF0EE617AF1EEF5
S31502000A0810FAB4EE617A1FED436A48BFF0EE616AE6
S31502000A18F1EE10FAF4EE454A48BFB0EE617AF1EE0D
S31502000A2810FAB4EE469A48BFF0EE454AF1EE10FACD
S31502000A38B1EE4CCA48BFB0EE469A84ED057A8CEE02
S31502000A48097AB5EEC07AC4ED037AC4ED046AC4ED38
S31502000A58074AF1EE10FA484B59685B686DD4DFED28
S31502000A68477AB4EE677AF1EE10FA37FE877A68EEBD
S31502000A78087A6AEEAAAAD4ED086A2AEE0AAA9FEDAD
S31502000A88404A67EEA37A6AEE87AADFED3E4A76EE19
S31502000A98E88A2AEE04AA77EEAA7A68EEA48A77EE9C
S31502000AA88A7A9FED395A77EEE87ADFED385A67EE99
S31502000AB8857A67EEA57ABAEE046A77EEA67AF4EE36
S31502000AC8C67AF1EE10FA35D49FED317AF4EE477A0A
S31502000AD8F1EE10FA77FE277AC4ED087A2D48DFF888
S31502000AE898C0A8EB0505A9EB0606A1EB0A01A0FB2F
S31502000AF80525A0FB0626A0FB0121DCF80420264CCE
S31502000B08D21ADCF804302D0ADB1B2560A0FB025240
S31502000B18A0FB0303360A090A120A1B0A6660A160C9
S31502000B28E26023610DB0BDEC0E8BBDE8F08FF0EEEE
S31502000B38673A52E6F0EE467ACEE79FED187A96E7DE
S31502000B48F5EEC02AF1EE10FA52BF30EE622AB0EE86
S31502000B58402ADFED122A54E6DFED109A0AE59FEDE8
S31502000B680F3AD1E49FED0DDABAE4F4EE617AF1EECA
S31502000B7810FA71FEA77ADBE6001000E000007A445C
S31502000B880000C8425555553F610BB63BCDCCCC3D0E
S31502000B980000704289888888341300220000000009
S31502000BA870B5682204460021043010EE106A10EE71
S31502000BB8905A05F0BFFE4FF00A0E4EF001E0094BBF
S31502000BC8094A0A480A4920622660E360226162618C
S31502000BD8A561E161236504F1240040F8043B0FF0A6
S31502000BE805C070BD0AD7233C6F12833A0000C8417C
S31502000BF817B7D13810B594468E461C4682B00121E5
S31502000C08724663460094FFF735FC02B010BD00BF7A
S31502000C1820B140F67822002105F08CBE704700BF4D
S31502000C282DE9F04F2DED0A8B0023D7B0CDED071A2B
S31502000C388DED061A8DED082ACDED092A9DED06BF22
S31502000C48CDE90A33CDE90C33CDE90E3301900029FB
S31502000C5800F07C83B0EE41CAF0EE61CAB0EE428A79
S31502000C68F0EE409A10EE904AF0EE638A904613EE42
S31502000C78105A0F46002A00F01A83D1F86C3AD1F8B6
S31502000C880091D1F8682A01F52760B3F5167FD1F8E5
S31502000C9804A190ED007A02F1010109F1010BC0F0FD
S31502000CA81A8307EB8202D2ED427A70EE677A82EDF8
S31502000CB8420A37EE877A07EE903AF8EE677AB1F586
S31502000CC8167F28BF0021C7EE276A07F6742380ED30
S31502000CD8007ACDED189AC7F8681AC3ED006ABAF118
S31502000CE8000F00F0AB8209F1FF3303F03F0307EB75
S31502000CF883031B68BAF1010F08BFCDED1A9A19933F
S31502000D0800F0A082A9F1020303F03F0307EB830375
S31502000D181B68BAF1040F1A9340F29482A9F10503EB
S31502000D2803F03F0307EB83031B68BAF1090F1B9312
S31502000D3840F28A82A9F10A0303F03F0307EB830311
S31502000D481B68BAF1130F1C9340F28082A9F11403AF
S31502000D5803F03F0307EB83031B68BAF11D0F1D93CC
S31502000D6840F27682A9F11E0303F03F0307EB8303E1
S31502000D781B68B3EE0E7A89EE874AC6EE877A67EE65
S31502000D88847A02930594CDED036ACDED047A9DED3E
S31502000D98023F28AA2695F8EE005AB0EE006A8DEDB3
S31502000DA822BF15460F238DED1E3FC14CC14818A917
S31502000DB809E0F4EE467AF1EE10FA76FE277A013B5E
S31502000DC8E5EC017A14D0F4EC017AB1EC017AF0EC94
S31502000DD8016A37EE677AC7EE267AF4EEE57AF1EE1D
S31502000DE810FAE6D5F8EE007A013BE5EC017AEAD18B
S31502000DF80DF1DC0CF8EE006AB0EE007A61460F23BC
S31502000E0809E0F4EE477AF1EE10FA77FE277A013B0B
S31502000E18E1EC017A0CD0F2EC017AF4EEE67AF1EE24
S31502000E2810FAEED5F8EE007A013BE1EC017AF2D13E
S31502000E38FFEE005AB7EE006A9F4AA04946AC02F195
S31502000E4840060CF13C05A5EB0C0EAEF1040E4FEA7A
S31502000E589E0E0EF1010EB2EC017A4EF001E06046EA
S31502000E680B46F3EC017AF0EC016A67EEA67A37EEE6
S31502000E78277A0FF00BC0B4EEE57AF1EE10FA00F11C
S31502000E880181B4EE467AF1EE10FA36FE077AB242DC
S31502000E98A4EC017A01F13C01D5D1BFEE009AF7EE36
S31502000EA8000A8749874810AC01F120054FF0040E65
S31502000EB8F1EC015A4EF001E046AAA0F14003B3EC68
S31502000EC8047FB2EC043F06FF526D17EE106B36EE46
S31502000ED810CBF0EE464A05EE106A75EEA45A37EEC6
S31502000EE8106B07EE90CA77EEA57A07EE106A77EED0
S31502000EF8857A77EE875A0FF01FC0F4EEC95AF1EEDB
S31502000F0810FA00F1C280F4EE605AF1EE10FA70FEA1
S31502000F18A55AA942E4EC015A00F14000C6D19FED58
S31502000F285C2B9FED5D3B9DED10BF0AFF52ADDFEDD9
S31502000F38666A3AEE103B7AEE667A1BEE102B06EEDE
S31502000F48903A9DED143F3BEE103B77EEA67A9FED65
S31502000F5854AB9FED55BB06EE902A02FF5A2D77EE4B
S31502000F68A67A06EE903A32EE101B77EEA67A13EEC2
S31502000F78103B06EE901A77EE827A33EE102B77EE56
S31502000F88A67A06EE903A76EEA77A06EE902ABFEE93
S31502000F98007A77EEA67AF4EEC77AF1EE10FA00F145
S31502000FA8AA81B7EE007AF4EEC77AF1EE10FA00F3E8
S31502000FB8B481DFED526AB7EE087A67EEA67A9FED3C
S31502000FC84E6A27EE877AB4EEC67AF1EE10FA00F187
S31502000FD80282B4EE667AF1EE10FA36FE877AF5EEFA
S31502000FE8C09AF1EE10FACDED0A7A48BFB1EE444A3C
S31502000FF8F7EE007AB4EEE74A4CBFF1EE695AF0EE24
S31502001008695AF1EE10FA8DED0B7A00F37181DFED74
S31502001018307ADFED3B6A64EE277A77EEA67AB3EE8C
S31502001028096A36EE6C5AC5EE066AF5EEC06AF1EE44
S3150200103810FA00F15A81B7EE006AF4EEC66AF1EECA
S3150200104810FA00F386819FED2E6A66EE866AB5EE81
S31502001058C07A77EEA67AF1EE10FADFED1C6ACDEDCC
S315020010680D7A67EEA66A51D4B4EEE67AF1EE10FA74
S3150200107880F24681B4EEE77AF1EE10FA5ADCB0EE67
S31502001088476A55E1BFEE007A01E7FFEE005A40E7EC
S3150200109826A590BFFA114F3F0F162E3F91B8BB3EB9
S315020010A8C034B5BFDFF954BF502C7BBF2FC9813F6F
S315020010B85090000210900002108C0002508C000220
S315020010C8F0890002508A00024013393852B87E3F2E
S315020010D80AD7A33C48E17A3F0000704200000C425E
S315020010E89A99993E0AD7A33B0AD7A33DA69B443AA7
S315020010F8000000008FC2F53C0AD723BD0AD7233D5C
S315020011080AD7233C6666263F6F12033AB1EE476A50
S31502001118B4EEE66AF1EE10FAF1EE677AC0F20281EF
S31502001128B4EEE77AF1EE10FA0E9B43F040030E9303
S3150200113840F1F080CDED0C7AB8F13B0F00F2B580A4
S315020011480E9B43F001030E9300235FED1F7AB4EE64
S31502001158E7CAF1EE10FA06D45FED227AB4EEE7CAD0
S31502001168F1EE10FA04DD00230E9A42F002020E9204
S31502001178FAEE047AF4EEE7CAF1EE10FA06D45FED57
S315020011882A7AF4EEE7CAF1EE10FA04DD00230E9A83
S3150200119842F004020E925FED2F7AF4EEE75AF1EE70
S315020011A810FA04DD00230E9A42F008020E92F5EEBA
S315020011B8C08AF1EE10FA1FED367A4CBFF1EE687A64
S315020011C8F0EE687AF4EEC77AF1EE10FA43DD5FEDD7
S315020011D83B7AB4EEE78AF1EE10FA0E9B43F010035F
S315020011E80E9306D45FED407AB4EEE78AF1EE10FA72
S315020011F802DD43F020030E9300230C93BBF1400F4C
S3150200120828BF4FF0000B07EB8909BAF1FF3FC9ED7A
S31502001218009AC7F800B103D00AF10103C7F80431EE
S31502001228019C0AAD0FCD0FC495E8030084E80300BC
S31502001238019857B0BDEC0A8BBDE8F08FCDED199A2F
S31502001248CDED1A9ACDED1B9ACDED1C9ACDED1D9AD0
S3150200125819EE903A8DE51FED5D7AB4EEC78AF1EE86
S3150200126810FA20D41FED607AB4EEC78AF1EE10FAAE
S3150200127819DC8DF83C30002BBED09DED0C7AB5EE0C
S31502001288407AF1EE10FA4FF00003B7D05FED696AC3
S31502001298F4EEE67AF1EE10FA5ED50C930E9B43F461
S315020012A880630E93AAE70E9BA3E701234DE740F658
S315020012B878224146384605F03DFB4FF0010B4FF4C4
S315020012C800631FED757A0E9342464346C146C246EF
S315020012D8594607F5276007EB82020133C2ED429AA7
S315020012E839EE877AC7F86C3AE5E45FED7F6AAEE6CF
S315020012F85FED807A93E65FED807AB0EE677A6EE606
S31502001308B4EEE77AF1EE10FA0E9B43F040030E9321
S315020013183FF710AF8DED0C7A0EE75FED887AB0EEE7
S31502001328677A5CE6B4EEE77AF1EE10FA3FF502AFB9
S315020013385FED8B7AB4EEE76AF1EE10FAEAD500238E
S315020013480C930E9B43F080030E93F5E601230E934E
S3150200135866E75FED956A7AE667EE286AF5EEC06A91
S31502001368F1EE10FA31D9B5EEC07A5FED9A6AF1EE6E
S3150200137810FA67EEA67A20D4B4EEE77AF1EE10FAFE
S315020013880CDDF5EEC08AF1EE10FA27DBCDED0C7A0C
S31502001398B0EE677A0E9B43F400730E935FEDA67A5E
S315020013A8B4EEE77AF1EE10FA7FF528AF00230C9334
S315020013B80E9B43F080030E9320E7B1EE477AF4EED4
S315020013C8C77AF1EE10FADCD4E8E70C930E9B43F4E5
S315020013D880730E9312E7B0EE467A00E6F1EE676A7C
S315020013E80E9BB0EE677A43F40073CDED0C6A0E934A
S315020013F8D4E700BF70B50C4694B0064648220021D1
S3150200140802A805F097FA4FF0000C4FF0080E206874
S315020014186168104D04AB03C301AA61460E480196E2
S315020014288DF80AE085F800C002F0FEF8064668B9AB
S31502001438642404E0012004F039F9013C02D02B7837
S31502001448002BF7D02B78002B08BF1426304614B091
S3150200145870BD00BF100700227CB40022002300B52D
S315020014680A4A83B04FF440706946CDE90023FFF774
S31502001478C1FF30B9064A13680133136003B05DF839
S3150200148804FB044A136801331360F7E7A55A5200AE
S31502001498180800221408002270B50024828886B033
S315020014A8B2F5806F019421D007D9B2F5006F02D147
S315020014B80122284B1A7006B070BD082A02D0B2F56E
S315020014C8807FF8D1244802F037F82449224802F0EE
S315020014D82FF9019B002BEED04FF08052204B5A6019
S315020014E8BFF34F8FBFF36F8F06B070BD827E1D4E5E
S315020014F8082A28BF0822336845690133C5F30A0555
S3150200150800F120010DF10D0033608DF80C200295D3
S3150200151805F032FA144AA5F50073012B156005D9B0
S31502001528124A13680133136006B070BD104D114894
S315020015382A6802A923460068541C01AA2C6003F0F3
S3150200154857FA01280CBF0C490C49019B0A6801325B
S315020015580A60BFE7100700227CB40022F099000255
S3150200156800ED00E00C070022F8060022FC06002225
S315020015780807002214070022040700220007002297
S315020015882DE9F04F2DED0E8B002491B01021082085
S31502001598454B464A009403F095F8DFF838B1CBF884
S315020015A80000002800F04C824149424802F0C0F887
S315020015B8C82004F07BF8FFF751FF322004F076F8D2
S315020015C8FFF74CFF322004F071F8FFF747FF04F0EB
S315020015D897F8DFED39CA9FED39BA9FED39CA9FED03
S315020015E839AADFED39AADFED39BADFF8ECA0DFF860
S315020015F8EC90DFF8EC80364F0B9040F20125002282
S31502001608DBF800000CA903F067FA01286ED1002165
S31502001618DAF8000003F01CFB01280446EFD10C9B04
S31502001628B3F5007F0ED0AB4204D19DF83430072BB8
S3150200163800F2A5810023DAF800001A46194603F0DB
S31502001648BDF8DCE79DF83430062BF3D9BDF8353002
S31502001658BDF83710BDF839205BBAC9BAD2BA9BB2FF
S3150200166806EE901A07EE102A07EE903AF8EEE66AA8
S31502001678F8EE677AB8EEC77A67EE8C7A66EE8B6A08
S3150200168827EE0B7A9DF83B30C9ED007AC9ED016A5F
S3150200169889ED027A89F80C3004F032F889F8144098
S315020016A8C9F81000C6E700BF9807002218070022EB
S315020016B8F09900027CB4002217B7D1380AD7233C26
S315020016C86F12833A00007A4400FEFF4600007F4309
S315020016D8000000221407002210080022E007002258
S315020016E8AC06002200FEFFC600FF7F470A21D8F893
S315020016F8000003F0ADFA012840F06F81002397ED50
S3150200170800EA97F8201097F82340049197F82110D9
S31502001718621C029197F8221087F8232003911A4631
S315020017281946D8F8000097ED019AD7ED028AD7ED47
S3150200173803EAD7ED04DAD7ED059A97ED06DA97EDBF
S31502001748078A03F03BF86EEE0A7AF5EEC07AF1EEF6
S3150200175810FA00F147811FED1C7AF4EEC77AF1EE12
S3150200176810FA00F35D81FCEEE77A17EE905AC5F39C
S3150200177807230893EDB269EE0A7AF4EEEA7AF1EEF5
S3150200178810FA00F339811FED297AF4EEC77AF1EEE1
S3150200179810FA00F14B81FDEEE77A17EE903AC3F3A1
S315020017A8072CDBB2059368EE8A7AF4EEEA7AF1EE52
S315020017B810FA00F32D811FED357AF4EEC77AF1EEB1
S315020017C810FA00F13881FDEEE77A17EE902AC2F395
S315020017D807230693D3B20793F2EE047A6EEEA77A3C
S315020017E8F4EEEB7AF1EE10FA4FF00002D8BFFCEEF7
S315020017F8E77A1646D4BFCDED097A4FF0FF0E089B5D
S31502001808D8BF9DF824E063F3070265F30F22059B10
S315020018186CF3174263F31F62069B0CA963F3070670
S31502001828079B4FF4807063F30F266EF3174664F333
S315020018381F6600240C920D96FFF7DCFD049BCDE98A
S315020018480C448DF83030039B40F201108DF831308C
S31502001858029B0CA98DF83230FFF7CCFDF2EE047A22
S315020018686DEEA77AF5EEC07AF1EE10FA0D9471D400
S315020018781FED637AF4EEC77AF1EE10FA69DCFCEE34
S31502001888E77AF5EEC09A17EE903AF1EE10FAC3F33C
S315020018980726DCB264D45FED6C7AF4EEE79AF1EED1
S315020018A810FA00F3C080FCEEE97A17EE903AC3F319
S315020018B80725DBB2002266F3070264F30F2265F3FB
S315020018C8174263F31F624FF481700CA90C92FFF75B
S315020018D891FD6DEE0A7AF5EEC07A0024F1EE10FA61
S315020018E80D9441D41FED807AF4EEC77AF1EE10FA20
S315020018F839DCFCEEE77A17EE903A68EE0A7AF5EEEC
S31502001908C07AF1EE10FAC3F30726DCB234D41FED1F
S315020019188A7AF4EEC77AF1EE10FA7EDCFCEEE77A02
S3150200192817EE903AC3F30725DBB2002266F30702E5
S3150200193864F30F2265F317420CA963F31F6240F2A0
S3150200194803100C92FFF756FD64210BA803F058FE0C
S3150200195853E6FF24F5EEC09AF1EE10FA26469AD51A
S3150200196800231D46A6E7FF2468EE0A7AF5EEC07A3A
S31502001978F1EE10FA2646CAD500231D46D5E7BDF86C
S315020019883530BDF837205BBAD2BA9BB207EE102AB9
S3150200199807EE903AB8EEC77AF8EE677A27EE0B7A30
S315020019A867EEAC7A9DF83B309DF83A009DF83C10FC
S315020019B81B029DF8392043EA00430B43C9ED067A18
S315020019C889ED077A89F82020C9F8243003F098FEB1
S315020019D889F82C40C9F828002CE664210BA803F0E4
S315020019E80FFE0AE669EE0A7AF4EEEA7A0025F1EEC5
S315020019F810FA08957FF7C7AE68EE8A7AF4EEEA7AA5
S31502001A08FF23F1EE10FA4FF07F0C05937FF7D3AE62
S31502001A187F23FF21CDE90631DEE6FF231D4684E753
S31502001A28FF250895A7E6FF231D4643E701234FF046
S31502001A38800C0593B7E680230122CDE90632CBE670
S31502001A48FB21024B024A034802F02AFB8C90000251
S31502001A58BC9900029C90000238B5044604F099FF2E
S31502001A6800B938BD0023124D0246214611482B7093
S31502001A7800F04EFDB8B92B784BB9192401E0013CA8
S31502001A8805D0012003F012FE2B78002BF7D02B7815
S31502001A9823B1094A13680133136038BD074A13682C
S31502001AA80133136038BD064A13680133136038BD23
S31502001AB870B4002298B400220813002200130022F0
S31502001AC804130022000000002DE9F04F2DED0C8BC7
S31502001AD84FF4FA70ADF5737D03F0E8FD4FF0E0219F
S31502001AE80020D1F8FC2DC04B42F08072C1F8FC2DC3
S31502001AF858601A683C2442F00102DFF840B31A60C3
S31502001B080BE00023B94A194610681A4602F056FE37
S31502001B18322003F0CBFD013C15D0B44B05211868E1
S31502001B2803F096F80128F3D19BF82C30002BE8D065
S31502001B38DBF82430142BE4D80023AC4A1946106883
S31502001B481A4602F03BFEAA48FFF762F8DFEDA90A39
S31502001B589FEDA90AA948FFF723F8A948FFF77CFFD2
S31502001B68DFEDA8BA03F0CCFD00229FEDA7AA9FEDF0
S31502001B789ACB9FED9BDBF0EE6BAA1BEE908A17467B
S31502001B889246CDE92C22CDE92E22CDE930229B4D73
S31502001B982B9024922592E2E0249B9C4EA6FB0336C8
S31502001BA80023360A2393002003F042FF8200B2F58F
S31502001BB8004FC2F5004388BF002395490B60002CED
S31502001BC800F0C7802399002900F0C3809FED917A1F
S31502001BD8DFED917ADFED912A95ED184AD5ED144A93
S31502001BE895ED1A5AD5ED195A95ED086A69EE8A9A4B
S31502001BF8CDE919234FF4004324EE074A64EEA24ABC
S31502001C086BEEA73A25EE275A65EEA75A29EE079AEA
S31502001C1826EE0A6AFDEEE99AD5ED076A9FED803A45
S31502001C28CDE910967F4A18901B931368BDEEC44AF5
S31502001C38CDED0F9AFDEEE44AFDEEE33ABDEEC55A46
S31502001C48FDEEE55ABDEEC66ABDEEC99A66EE836A30
S31502001C581C9353688DED164ACDED154ACDED143A0F
S31502001C688DED135ACDED125A8DED0D6A8DED0E9A44
S31502001C78FDEEE66A28EE278A6BEE277A1D939368AD
S31502001C88FDEEE77A1E93D36868EE8A8A1F93136974
S31502001C98FDEEE88A2093309BBDEEC88A1793CDEDF8
S31502001CA80C6A95ED042A95ED033AD5ED173A95EDAA
S31502001CB8164AD5ED064A95ED025AD5ED015A95ED25
S31502001CC8006AD5ED056A22EE222A23EE223A63EE4F
S31502001CD8873A24EE074A64EE874A25EE075A65EEE6
S31502001CE8875A26EE077ACDED007A66EEA27ABDEE1F
S31502001CF8C22ABDEEC33AFDEEE33ABDEEC44AFDEE94
S31502001D08E44ABDEEC55AFDEEE55ABDEEC77AFDEECA
S31502001D18E77ACDED028A8DED018A53464FF440717A
S31502001D288DED0A2A8DED093ACDED083A8DED074A71
S31502001D38CDED064A8DED055ACDED045A8DED037AA1
S31502001D48394A32A8CDED0B7A04F0C0FD32A8FFF766
S31502001D5883FE64212BA80AF1640A03F051FC234B83
S31502001D680521186802F074FF0128044668D04FF06E
S31502001D780009DFED249A09EE108A08EE908A08EE29
S31502001D88108A0BEE108A4C46284B294A01371F60E7
S31502001D981368052101331360264B186802F058FFB1
S31502001DA801287FF4F9AE249A184E042FA6FB0226C0
S31502001DB894BF002301230022360A23929B011E4A5E
S31502001DC882F8223000231B4A194610681A4602F086
S31502001DD8F5FCE8E6AFF300800000C8420000000008
S31502001DE8000070410000F041001000E010080022D7
S31502001DF8880800227F6ABC3C6666663F1C08002289
S31502001E08B4900002000000000000C8428988888851
S31502001E18481300220024744900007A44286B6E4E47
S31502001E28A5D46853341300221C9200022C130022F4
S31502001E3828130022AC06002200000022E007002236
S31502001E484FF0000100234E4A9BF8146010688BF885
S31502001E582C108BF814101A4619469BED00BA9BED06
S31502001E68018ADBED028A9BED069ADBED079ADBF81F
S31502001E782490239602F0A2FC002E85D00022414B24
S31502001E881A60B9F1000F74D0259B002B6ED1DFEDD5
S31502001E983EBA3E4B3E4CC3ED00BAF0EE6B1AB0EEBC
S31502001EA8681AF0EE4B0AB0EE480A4A4639493A48E9
S31502001EB82CAB6768FEF79EFE6368249ADB1B9A4280
S31502001EC838BF1A461746354E2497A6FB0776344B73
S31502001ED8249F360A1F60334B2C681E60324BAA6950
S31502001EE81C60324BD5F854E01A60314BD5F820C045
S31502001EF8C3F800E02F4B304AC3F800C013682F48D6
S31502001F08013305210068136002F0A2FE012805D0FC
S31502001F180124F0EE48AA0027259444E6D5ED007A76
S31502001F282BEE087A67EE8A7AB5EEC08A244B8DEDD7
S31502001F3826BA8DED278A83ED00DF8DED287ACDED61
S31502001F48297A9DED267FF1EE10FA1E4B83ED007F6E
S31502001F5813DD0220012400231A4AF0EE48AA1F467E
S31502001F6882F8200082F82140259428E778EE6ABA9A
S31502001F788FE70848FEF74CFE89E7EBD50320E9E729
S31502001F88100800222C130022000000000C13002265
S31502001F98001000E0880800221C0800228988888828
S31502001FA820130022241300221C13002218130022D5
S31502001FB8141300221013002230130022AC0600224A
S31502001FC81000002200000022022800D070470249B1
S31502001FD8024800F01DBE00BF409A000274B40022F7
S31502001FE800BEFEE70379022B02D10122014B1A70C9
S31502001FF8704700BF70B4002270B501202B4984B027
S3150200200802F0A8FC2A4B1860C0B10120294902F047
S31502002018A1FC294B186058B12849294800F0F2FA60
S31502002028044688B15221274B274A284802F038F835
S315020020384E21274B244A254802F032F84A21254BDD
S31502002048214A224802F02CF804252348234923462C
S31502002058CDE901104FF4006221492248009503F0A8
S3150200206885F8214B1860A0B103252048204E234647
S31502002078CDE901064FF400521E491F48009503F0A8
S3150200208875F81E4B186050B14FF47A7003F00EFBC8
S31502002098FAE75C211A4B0C4A0C4802F001F8662151
S315020020A8184B094A094801F0FBFF00BFB006002297
S315020020B8AC06002228B4002210080022089A000260
S315020020C898B4002204930002DC990002C49200022A
S315020020D8E0920002A8920002BC93002228940022F1
S315020020E81C93000289150002B8930022501300229D
S315020020F85093002240930002D11A00024C13002288
S315020021082093000250930002704700BFFFF7FCBFFE
S3150200211800BE704738B5164C4FF0FF31206802F002
S3150200212897FD012803D000212068FFF7F1FF114B24
S315020021381A7802B138BD01221A70FFF7E7FF0E4D71
S315020021482B68013B2B60002BF4D0002320681A462B
S31502002158194602F033FB0128F2D000212068FFF766
S31502002168D7FF2B68013B2B60002BEED138BD00BF91
S31502002178E0B90022E4B90022E8B9002238B5002302
S315020021880B4D0C4C01214FF480700B4A2B602370C7
S3150200219802F0D8FA094B186028B100F037F803F0B4
S315020021A8F9F8002038BD0146FFF7B2FFF5E700BF90
S315020021B8E8B90022E4B9002298B90022E0B900225F
S315020021C8802330B4034D044C05600C60136030BCA8
S315020021D8704700BF30B9002230B70022802330B4DE
S315020021E8034D044C05600C60136030BC704700BF99
S315020021F8C8B60022C8B4002210B50446FFF78AFF03
S315020022082046BDE81040FFF7F7BE00BF70B50525AA
S315020022180D4C0E4923680E4E84B0581CCDE90116A2
S315020022280C4B20604FF480620B490C48009502F073
S315020022389DFF0B4B186008B104B070BD014604B08F
S31502002248BDE87040FFF764BFE8B90022A8BE0022C5
S31502002258F0B900223C9A0002789300020122000299
S31502002268ECB9002200BEFEE71EF0040F0CBFEFF326
S315020022780880EFF309800149084700001523000288
S315020022880F4B1968EFF309821EF0100F08BF22EDF3
S31502002298108A22E9F04FEFF30B8342F8043D0A60F5
S315020022A84FF0100080F31188BFF34F8FBFF36F8F83
S315020022B803F042FA4FF0000080F3118800F002B8EA
S315020022C85CBC0022074801680A6802CA81F30B88C7
S315020022D8B2E8F04F1EF0100F08BFB2EC108A82F374
S315020022E8098870475CBC002210B5EFF311841023ED
S315020022F883F3118803F010FA18B14FF08052024B9B
S315020023085A6084F3118810BD00ED00E008B58369B0
S3150200231813F8023C022B02D0032B04D808BDBDE8F1
S315020023280840FFF7CFBF4FF47E71024B024A0348BB
S3150200233801F0B6FE84930002DC9C00029893000228
S3150200234870B44FF080756FF00204074E283122F000
S31502002358010240E9022540E9094340F80C6C40F8BD
S31502002368481D70BC704700BF6D22000208B5EFF326
S315020023781181102383F311880A4A13680133012B4A
S31502002388136000D008BD084A084B11605B68C3F3A6
S315020023980803002BF6D040F2A441054B054A06482D
S315020023A801F07EFE5CBA002258BA002200ED00E077
S315020023B8C0930002C89C00029893000208B5094A15
S315020023C813683BB1013B13601BB9074B1B6883F3C8
S315020023D8118808BD40F2AD41044B054A054801F093
S315020023E85FFE00BF5CBA002258BA002208940002B7
S315020023F8B49C00029893000238B572B60B4D03F0EE
S3150200240817F80B4C6B68234206D10121084601F0E6
S3150200241851FE6B682342F8D062B6BFF36F8F72B66D
S3150200242862B6BDE8384003F00BB800BF00ED00E025
S3150200243800F01F000D4B0E4A1B68A2FB03239B09E3
S31502002448013BB3F1807F00D370474FF0E0224FF093
S31502002458F00C0020072110B4064C536184F823C0FF
S31502002468906111615DF8044B704700BFF0BA002213
S31502002478D34D621000ED00E0F02208B50B4B83F84D
S315020024882220FFF7D7FF0A4A536B43F040435363B0
S3150200249862B6BFF36F8FEFF3148C2CF0040C8CF337
S315020024A81488BFF36F8F02DF00BEFDE700ED00E080
S315020024B800EF00E008B5EFF30383103B1A0604D5D4
S315020024C80E4BDB685B0511D408BD03F0FF0202F16F
S315020024D8604303F5614393F800331B09F0D140F2D8
S315020024E80F61074B074A084801F0DAFD40F22161FD
S315020024F8064B044A044801F0D3FD00BF00ED00E094
S315020025081C940002949C00029893000254940002C0
S31502002518844610B4006A836823F440138360DCF8A7
S315020025282040A36C5800FCD5A36823F01003A360CF
S31502002538DCF82040237FC3F30010DB06FAD4CCE98B
S315020025480312A36843F01013A3605DF8044B7047A7
S3150200255830B40124164D530902F01F0C203304FA35
S315020025680CF445F82340BFF34F8FBFF36F8F114B1F
S3150200257802F5C65C53F82C4024F4803443F82C4008
S3150200258853F82C300901002AC9B207DB0A4B154455
S3150200259885F8001343F8220030BC7047074B02F057
S315020025A80F0423441976044B43F8220030BC7047C3
S315020025B800E100E000600040B0BA0022FCEC00E056
S315020025C8F0B5846A85B005460F4694466E46B4B1A0
S315020025D894E80F0086E80F00EB6920461B78A7608F
S315020025E8236084F804C0EB6AE3606B6A9847AC6AB6
S315020025F81CB196E80F0084E80F0005B0F0BD34461A
S31502002608EAE700BF00222DE9F04101270B780270A4
S3150200261803F5800303F556531B020362C1614B6936
S315020026280D4643628B690446C0E90A238378CE695C
S3150200263867F3010383704B78934214BF3A4602222A
S31502002648837862F30103837091F90B20897AFFF785
S315020026587FFF95F905202979FFF77AFF95F9072073
S31502002668A979FFF775FF95F90920297AFFF770FF0F
S31502002678EFF3108887F310884FF000412A787A4BD7
S31502002688D1405A6822EA01025A605B6896203946A6
S3150200269801F010FD88F310884FF48062236A9A606D
S315020026A86B78E978EA691B02890301F4804103F42D
S315020026B840730B4311785068090601F040710B43C9
S315020026C85178C90389B20B43517B490501F40011BC
S315020026D80B43216A43F480534B611378991EB9421E
S315020026E840F2BB800368216A0B61117BAB7801F06B
S315020026F8030141F0300133B1022B14BF4FF440738A
S315020027084FF480731943002093781B0703F0805314
S315020027180B43216ACB60216A0123886140F21F219B
S31502002728287883400B4202D0236A50495962002115
S31502002738937BD07B127C00F01F0003F0010343EA6F
S31502002748002302F01F02206A43EA02430363C4E934
S315020027580311C4E90511226A7589454825819066DF
S31502002768E269444B92F9052002F5C65053F8205007
S3150200277861F3104543F8205053F82000BFF35F8FEA
S31502002788012002F01F055209920002F1604202F589
S31502002798614200FA05F5C2F880511560E26992F9BC
S315020027A80B2002F5C65553F8256061F3104643F827
S315020027B8256053F82550BFF35F8F02F01F055209B3
S315020027C8920002F1604200FA05F502F56142C2F88A
S315020027D880511560E26992F9072002F5C65553F849
S315020027E8256061F3104643F8256053F82550BFF378
S315020027F85F8F02F01F055209920002F1604200FA49
S3150200280805F502F56142C2F880511560E26992F94E
S31502002818092002F5C65553F8256061F3104643F8B8
S31502002828256053F82530BFF35F8F53099B0002F0EA
S315020028381F0203F16043904003F56143C3F8800128
S3150200284818600D4A236A9A60226A137FDB07FCD551
S315020028580A4B00206360BDE8F0810949022B094B47
S3150200286818BF0B463FE700BF0030204000001F1F7D
S315020028781000079D006000401104010042494353BD
S3150200288804FF00FF24FF00FFEFF30383103B204AF7
S315020028985BB203F5C65152F8210020F4803042F8A3
S315020028A8210052F821201B4A52F82300C3691B69EA
S315020028B883B1036903B17047026A0021936823F45E
S315020028C8801343F400139360436AC160C3B1802244
S315020028D8FFF776BE0369026A002BEED08378C168D9
S315020028E803F00303022B0CD00B7813718278D0E91C
S315020028F8031302F003029B1A1144C0E90313D9E732
S3150200290870470B8823F4DC439BB25360EEE700BFA3
S3150200291800600040B0BA002210B582B0EFF303831C
S31502002928103B1F4A5BB203F5C65152F8210020F448
S31502002938803042F8210052F821201A4A52F82340E0
S31502002948A27802F00303022B236A0CBF19681978CE
S31502002958A3690CBFC1F30801C9B2019143B9636AFD
S31502002968B3B10422204602B0BDE81040FFF728BEE4
S3150200297802F0030201A9606903F0FEFFD4E905210A
S31502002988A37803F003031A44C91AC4E9052109B155
S3150200299802B010BD636A002BFAD00122E2E700BF3B
S315020029A800600040B0BA002210B5EFF303830F4A65
S315020029B8103B5CB252F82400026A936823F440136F
S315020029C823F010039360436A1BB102220021FFF72A
S315020029D8F7FD074A04F5C65352F8231021F480314D
S315020029E842F8231052F8233010BD00BFB0BA0022B5
S315020029F80060004038B5EFF303831D4A103B5CB212
S31502002A0852F824008378056A03F00303022B0CBFED
S31502002A1829682978AA6C08BFC1F30801C2F30073B2
S31502002A28C2F3006C4FEA031343EA4C13C2F3C062C3
S31502002A3843EAC20C18BFC9B2DB06624604D5AB6CC0
S31502002A481B0458BF4CF04002AB6E43F0C853AB664A
S31502002A58436A0BB1FFF7B4FD064A04F5C65352F8AA
S31502002A68231021F4803142F8231052F8233038BD5E
S31502002A78B0BA0022006000402DE9F84F0388DBB1A6
S31502002A884FF0000A80464FF00109DFF8D4B000245F
S31502002A98314D4FEACA07D8F8043035F8022BD9194E
S31502002AA8898891420AD00134032CF4D1B8F800304F
S31502002AB80AF1010A5345EAD8BDE8F88FDB5909FA43
S31502002AC804F603F0B853B3F1807F244BF6B293F8B9
S31502002AD84C2C12D0324230D104F120021BF81230AB
S31502002AE8DB09E0D01BF81230012123F08003C8204D
S31502002AF80BF8123001F0DEFAD5E7324210D004F1B3
S31502002B0820021BF81230DB09CDD11BF81230012145
S31502002B1843F08003C8200BF8123001F0CBFAC2E763
S31502002B28012001F073FB0D4B012093F84C2C324324
S31502002B3883F84C2C01F03AFBE1E7012001F066FB31
S31502002B48064B012093F84C2C22EA060283F84C2CF9
S31502002B5801F02CFBC0E700BFF09C000200E0014038
S31502002B6800202040F8B50646FFF786FFEFF31082ED
S31502002B78012383F31088234F3B681BB9402022495F
S31502002B880B7508753B6801333B6082F310883388FE
S31502002B9800211BB31D4D08E01B01134445F82340D1
S31502002BA8328801318BB29A4218D9736853F8314088
S31502002BB803EBC1029288E0034FEA1223D2B2EBD5A5
S31502002BC802EB031055F820E024F4803C2EF4803EF4
S31502002BD845F820E01B0145F820C0DEE7EFF3108236
S31502002BE8012383F310883B6813B13B68013B3B60C2
S31502002BF83B681BB9802004490B75087582F3108857
S31502002C08F8BD00BFA8BA0022000D404000084040A7
S31502002C1808B5034B03600846FFF7A4FF002008BD6A
S31502002C2854524F5030B5836B83B004460A466D46FC
S31502002C38A3B193E8030085E80300E16B1A711960F2
S31502002C481846636B9847A36B1BB195E8030083E8A4
S31502002C580300002384F82B3003B030BD2B46ECE783
S31502002C6870B40024402203691C7003691A70026951
S31502002C7813785B06FCD5C0231370036802695B6A86
S31502002C88804D1B794FF0000C43F0E0031374036880
S31502002C9802695B6AB324DB7843F0E0035374036882
S31502002CA802695B6A9B781B0103F0700343F0080311
S31502002CB89370036802695B6A1E78012E5E7814BFF8
S31502002CC80423052343EA4603DBB2D37003685B6831
S31502002CD8AB4214BF7722F72203695A71036983F854
S31502002CE806C00369DC7191F911204B7B6245C0F27B
S31502002CF8AA801B0102F16044DBB204F5614484F840
S31502002D080033614C614B44F8220002F5C65553F86C
S31502002D18256026F4803643F8256053F82530BFF33C
S31502002D285F8F012553099B0002F01F0203F16043DE
S31502002D3803F5614305FA02F2C3F880211A6091F994
S31502002D480F204B7B002AC0F295801B0102F16045D9
S31502002D58DBB205F5614585F800334C4B44F8220091
S31502002D6802F5C65553F8256026F4803643F82560E1
S31502002D7853F82530BFF35F8F012553099B0002F0F4
S31502002D881F0203F1604303F5614305FA02F2C3F831
S31502002D9880211A6091F910204B7B002A63DB1B0104
S31502002DA802F16045DBB205F5614585F80033374B1C
S31502002DB844F8220002F5C65553F8256026F48036F3
S31502002DC843F8256053F82530BFF35F8F0125530971
S31502002DD89B0002F01F0203F1604303F5614305FA03
S31502002DE802F2C3F880211A6091F90E204B7B002A61
S31502002DF831DB1B0102F16041DBB201F5614181F869
S31502002E080033224B44F8220002F5C65153F82140FA
S31502002E1824F4803443F8214053F82130BFF35F8FFE
S31502002E28012153099B0002F01F0203F1604303F5D7
S31502002E38614301FA02F2C3F880211A609F220369EC
S31502002E481A7070BC7047124C02F00F051B01DBB2F8
S31502002E582C44237655E70E4902F00F051B01DBB217
S31502002E6829440B76CDE70B4D1B0102F00F06DBB2A8
S31502002E78AB559CE7074D1B0102F00F06DBB2AB55BB
S31502002E886BE700BF40420F00B0BA00220060004064
S31502002E98FCEC00E014ED00E010B582B0EFF303831A
S31502002EA8103B5F4A5BB203F5C65352F8231021F46E
S31502002EB8803142F8231052F82330EFF30383594A3C
S31502002EC8103B5BB252F8234094F82D305BBBA369E2
S31502002ED8022B22D9E369012B0ED12269137943F019
S31502002EE8100313712269137943F0080313712269D7
S31502002EF8137923F01003137123685B6ADB79002BBD
S31502002F083ED101222369DB7CDBB28DF807309DF8BE
S31502002F18073084F82D2002B010BD2269137943F0D8
S31502002F2840031371D6E7E369002BF4D02268526A8C
S31502002F38D279FAB9032B17D0022B26D0012B34D01B
S31502002F482269236AD17C6269D154D4E907320132F3
S31502002F58013BC4E90732002BDDD121690A7963F303
S31502002F6886120A7102B010BD2269137943F0400332
S31502002F781371E5E705212046FFF754FEE369D9E711
S31502002F8805212046FFF74EFEBBE72269137943F077
S31502002F98100313712269137943F008031371226926
S31502002FA8137923F010031371CAE794F82A2072B32F
S31502002FB822681D4892F90F20510902F01F0203FAEE
S31502002FC802F2203140F82120BFF34F8FBFF36F8FF3
S31502002FD804202169CA7942F08002CA7121690A79F4
S31502002FE842F010020A7121690A7922F008020A716E
S31502002FF821690A7922F010020A7122695070216940
S315020030084A7922F001024A7184F82C3098E708219D
S315020030182269537A03F0F7035372236959708FE7CB
S3150200302800600040B0BA002200E100E010B5EFF3FC
S315020030380383103B434A5BB203F5C65352F8231087
S3150200304821F4803142F8231052F82330EFF3038338
S315020030583D4A103B5BB252F8234094F82730002BC6
S3150200306840D194F82930002B3BD123685B6ADB797F
S315020030782BB194F82B3013B9236A002B5CD1E36980
S315020030882169002B41D1CB79C02223F08003CB7171
S31502003098216901E0013A02D0CB79DB09FAD123682A
S315020030A8284A93F9103003F5C65352F8231021F42F
S315020030B8803142F8231052F82330236893F91030EE
S315020030C8002B09DB01215A09204803F01F0360324D
S315020030D801FA03F340F822302269D37943F0400318
S315020030E8D37110BD94F82630032B1CD094F82420F3
S315020030F823699A7494F8282094F827300132013B00
S3150200310884F8282084F8273010BD236A6269D35CC4
S315020031188B74D4E907320132013BC4E90732002B2A
S31502003128DFD12169AFE794F82830022BDED194F873
S315020031383030002BDAD110BD05212046FFF772FD8B
S315020031489DE700BF00600040B0BA002200E100E03F
S3150200315838B5EFF30383344A103B5BB252F8234087
S3150200316823685B6ADB79002B4BD194F829301BB1B3
S3150200317894F82730012B52D0E369E3B12169C023C1
S31502003188CA7922F04002CA71216901E0013B02D0E4
S31502003198CA795206FAD4EFF30383103B234A5BB289
S315020031A803F5C65352F8231021F4803142F823104E
S315020031B852F8233038BD94F82A203AB301202268FF
S315020031C81B4D92F90F20510902F01F02203100FA15
S315020031D802F245F82120BFF34F8FBFF36F8F4FF0EE
S315020031E8040C2169CA7942F08002CA71226982F8FE
S315020031F801C021694A7963F300024A7184F82C00F6
S31502003208BCE705212046FFF70DFDAEE70821226936
S31502003218537A03F0F703537223695970AEE794F8A9
S315020032283030002BAAD0A7E7B0BA002200600040CF
S3150200323800E100E038B5EFF303834C4A103B5BB27A
S3150200324852F823000269537A517ADC0601F0E0014A
S3150200325851725FFA83FC03F003022CD5036959788D
S31502003268490648D40024012580F82B50DC710168F0
S31502003278FFF7F6FCB32290F82630816980F82830E9
S31502003288036980F82C400162C46180F82A40294605
S31502003298DA71FFF7C7FCEFF30383103B344A5BB2DC
S315020032A803F5C65352F8231021F4803142F823104D
S315020032B852F8233038BD002A56D11CF0080F0ED01A
S315020032C890F82B30002B3ED1B32290F829100369CF
S315020032D8C1F10301C9B2DA71FFF7A4FCDBE790F882
S315020032E82C200CF004032AB3002BD4D090F82B30F0
S315020032F8002B37D1E8E7002AB4D15A78C2F38011F5
S315020033085206DAD5082280F82B105A70036801692A
S315020033185A6A94791378527943EAC41343EA021330
S3150200332843F00203DBB2CB700269537943F001031F
S315020033385371B0E7002BAED003685B6ADB79002BCA
S31502003348A9D00421C8E70023B32190F8265084693E
S31502003358026980F82C3080F828500462C36180F82C
S315020033682A30D1710121B7E703697BE7B0BA002297
S31502003378006000401F2910B53FD84C2401F0070E03
S3150200338804FB0EFECB080EEB832E0EF5126E864458
S31502003398DEF80030C3F380745471DEF8084004F096
S315020033A80704946023F06044DB0F14601371DEF89F
S315020033B804301A4C1B0FE45C0EF10C03947164B1D1
S315020033C80C34A644AEEB030E4EF001E00B3213F8B2
S315020033D801CB02F801CF0FF007C01F2904D8012339
S315020033E88B40DB43436310BD27294FF0FF030FD9F8
S315020033F8123900EB81014B6010BD4FF04C0E0EFBEB
S31502003408010E27298CBFAEF5C56EAEF58C6EBFE7E9
S315020034180E3900EB8100436010BD00BFF89C000224
S3150200342870B5456904460E4698B0A5B1602229468C
S31502003438684603F0A1FA60223146284603F09CFA50
S31502003448284623699847606918B16022694603F0DD
S3150200345893FA18B070BD0D46F2E700BF10B40C0619
S31502003468026801F00F0C37D45468630725D4E307C2
S3150200347802D4BCF1050F22D0536823F0070343EAAE
S315020034880C035360936803F007039C45FAD1A4071B
S3150200349803680BD0CA0709D44268596D1269D26902
S315020034A8926902F001020A435A6503685B685DF88D
S315020034B8044B03F0070303737047CB07D7D453684B
S315020034C823F0070343F001035360936803F00703ED
S315020034D8012BFAD10268CFE7946914F0010401D1ED
S315020034E8CB0719D4936923F0070343EA0C039361C4
S315020034F8D36903F007039C45FAD10368002CD5D09B
S31502003508CA07D3D442681269D2699168D963036833
S31502003518D2681A640368C9E7D36B23F00103D3633D
S315020035280268136C23F0010313640268536D23F0D7
S31502003538010353650268D5E7002370B544688360C2
S3150200354894F91530002B0DDB0121344D5A0903F08D
S315020035581F03203201FA03F345F82230BFF34F8FD7
S31502003568BFF36F8F94F91730002B0DDB01212B4D1A
S315020035785A0903F01F03203201FA03F345F82230F1
S31502003588BFF34F8FBFF36F8F94F91630002B0DDB05
S315020035980121224D5A0903F01F03203201FA03F3CF
S315020035A845F82230BFF34F8FBFF36F8F23681C4D48
S315020035B8B3FA83F35B0955F82330F3B18121FFF798
S315020035C84DFF8521FFF74AFFEFF31086012181F3AC
S315020035D81088144A23689068C3F11B0301FA03F39F
S315020035E8034393609368962000F064FD86F310887F
S315020035F80020236845F8230070BD8022074BC3F8D4
S315020036088020BFF34F8FBFF36F8F4FF48072C3F8DA
S315020036188020BFF34F8FBFF36F8FCFE700E100E043
S3150200362860BA00220030204070B5137955791468C3
S31502003638DB0743EA85732729056843EA04033AD870
S315020036486C1894F87440240762D44C2404FB015580
S31502003658C5F804369479082C03D9182C5BD92409A1
S315020036680B344C2301FB03F3056826071D44C5F8F2
S3150200367808669668056806F007061D44C5F80C66CE
S31502003688957902F10C0C026803F5C2630C461344E1
S31502003698002D4AD045F001E01CF8012B03F8012B56
S315020036A80FF007C0272903682CD80122234483F880
S315020036B87020002070BD4C26A1F1280406FB045593
S315020036C8C5F8B8359379082B03D9182B28D91B09BD
S315020036D80B331D074C2304FB03F3066802F10C0C9B
S315020036E81E44C6F8BC559668056806F007061D44CA
S315020036F8C5F8C0659579026803F2C4531344002DD0
S31502003708C8D11346FF22163403EB84035A60D0E766
S315020037184EF6632070BD083CA4080834E4B2A0E75C
S31502003728083B9B080833DBB2D3E71346BDE700BF65
S3150200373800222DE9F04FD1F800900E6909F50035FF
S3150200374805F5E0756D03C0E900518B6883B0036126
S31502003758CB688A46C0E905238046F769EFF31084E9
S31502003768012181F31088B94BC9F11B009A6801FA45
S3150200377800F022EA00029A609B68962000F09AFC02
S3150200378884F31088EC6914F00804FBD140468121C1
S31502003798FFF764FE4FF480307A68AD4B6A61E862DF
S315020037A8C5F8B0403A69AB482A63BA68AA49EA63D7
S315020037B8FA682A647A7D04621201D2B283F808236F
S315020037C8D1F8202364F31042C1F82023D1F820232C
S315020037D8BFF35F8F4FF48070C3F8800118603A68B0
S315020037E8AA61BA6922F001026A65B9F1000F00F00E
S315020037F80E819A4BB9F1010F43F8298040F00281F4
S315020038084FF0100E964B986237684FEA0E1EAEF1CD
S31502003818100E4FEA1E1E0EF1010E4EF001E04FF495
S31502003828807B09F00109019604F11206C5F828B051
S3150200383805EB061697E80F0086E80F0005EB041C51
S31502003848DCF82831103769F3C7130134CCF828316C
S315020038580FF017C0002401214046AC62019EFFF713
S31502003868FDFDDAF804100B684A68013B013AC3F316
S31502003878090343EA4243D1E90202411E43EA41638C
S31502003888013A43EA82232B6071690B684A68013B55
S31502003898013ADBB243EA0223D1E90202411E013AA6
S315020038A843EA014343EA0263C5F8003173695A6879
S315020038B8337EFF2A28BFFF225B0243EA024343F410
S315020038C8806343F00103C5F80431B368C5F888304C
S315020038D8336943F003036B609AF91530A34227DB79
S315020038E89AF8142003F160411201D2B201F561413E
S315020038F881F8002357495B4A41F8238003F5C651EC
S3150200390852F8210064F3104042F8210052F82120AF
S31502003918BFF35F8F01215A09920003F01F0302F1D8
S31502003928604202F5614201FA03F3C2F8803113607C
S315020039389AF91730002B27DB9AF8142003F1604115
S315020039481201D2B201F5614181F800234149454A83
S3150200395841F8238003F5C65152F8210020F480303D
S3150200396842F8210052F82120BFF35F8F01215A093C
S31502003978920003F01F0302F1604202F5614201FA66
S3150200398803F3C2F8803113609AF91630002B27DB4D
S315020039989AF8142003F160401201D2B200F5614090
S315020039A880F800232B482F4903F5C65240F8238096
S315020039B851F8220020F4803041F8220051F82220E2
S315020039C8BFF35F8F01215A09920003F01F0302F128
S315020039D8604202F5614201FA03F3C2F880311360CC
S315020039E840468021FFF73AFD0021FFF737FD4FF0E9
S315020039F8000300201C4AA8F80C30C8F8082003B0B7
S31502003A08BDE8F08FA8624FF0010E3768FDE63A7DF1
S31502003A18104F1201D2B2C7F81C8083F80723D1F8D7
S31502003A281C2369F31042C1F81C23D1F81C23BFF3E7
S31502003A385F8F8022C3F880211A60084B4FF0010E6F
S31502003A48C3F80080094B98623768DEE600302040EA
S31502003A5800E100E0B0BA002200C0004060BA0022CD
S31502003A680020384000600040444643520000384077
S31502003A78F0B599B0EFF30383103B5BB2072B3FD146
S31502003A8800272D4D05F1080655F8044BCCB16022E6
S31502003A980021684602F04EFF4FF48053ADF8043019
S31502003AA8236869461B6A20461A0C1B0403EB027339
S31502003AB8029322689B03176213D4A3690493FFF740
S31502003AC8AFFCB542E0D107241C4A04F5C65352F8A6
S31502003AD8231021F4803142F8231052F8233019B00A
S31502003AE8F0BD23689B6E93FAA3F3B3FA83F30393A9
S31502003AF8226802EB83035A6C22F004025A64DCE75A
S31502003B081C460F4B60220021684653F8245002F0E7
S31502003B1811FF4FF480730022ADF804302B68694612
S31502003B28DB6828469BB202932B68DA60AB6904937A
S31502003B38FFF776FCC8E700BF60BA002200600040C3
S31502003B48B0BA00222DE9F047294F98B0BA465AF87A
S31502003B58043BCBB10026740304F1804404F56014D7
S31502003B68E56E95FAA5F51DB1B5FA85F5012D15DDB2
S31502003B78E36E43B91F4AD2F8201363F31041C2F821
S31502003B882013D2F8203336B9DAF800301BB10126F1
S31502003B980AF1040ADFE718B0BDE8F0874FF001081A
S31502003BA84FF48062236E08FA05F805F1200913EA34
S31502003BB8080FCDF80C90ADF8042011D149462046DD
S31502003BC805AA0096FFF7D6FB009B694657F823001D
S31502003BD883690493FFF724FC236E13EA080FEDD0DA
S31502003BE804EB85056B6C23F008036B64C0E700BF22
S31502003BF860BA002200C00040F0B599B0EFF3038422
S31502003C08314B103C64B253F824707B68BA69196860
S31502003C181D69009104923E6896F8A43033BB43E0CE
S31502003C284FF400633A688032ADF80430136893FAA9
S31502003C38A3F31BB1B3FA83F3072B07DD536893FA91
S31502003C48A3F3002B3DD0B3FA83F320333968194422
S31502003C5891F8742022F0060281F8742069463846E3
S31502003C680393FFF7DDFB96F8A430EBB196F8A43080
S31502003C78D907DAB2D4D4130711D5EA692823926987
S31502003C8812F4805F0CBF4FF400524FF40062ADF895
S31502003C98042039688A6D22F010028A65DEE73A68DE
S31502003CA84FF400738432BFE7084B04F5C65453F841
S31502003CB8242022F4803243F8242053F8243019B001
S31502003CC8F0BD4023C2E700BFB0BA00220060004040
S31502003CD870B598B0EFF303864FF4806228231B4928
S31502003CE8103E76B251F8264061680968ADF804209C
S31502003CF8039300912068036EDA0510D4144D282127
S31502003D0805AAFFF737FB009B694655F82300836926
S31502003D180493FFF785FB2068036EDB05EFD5836DF9
S31502003D2823F00803836523689B6D13F008030AD101
S31502003D38084A06F5C65652F8261063F3104142F8A9
S31502003D48261052F8263018B070BD00BFB0BA00224D
S31502003D5860BA0022006000401E4A92F8263092F8A5
S31502003D682420DBB202F00F02A2F1080103292BD8A4
S31502003D78DFE801F020160C021749184A51F82330D9
S31502003D88A2FB03231B09164A136070471249134AFA
S31502003D9851F82330A2FB0323114ADB08136070474C
S31502003DA80D490E4A51F82330A2FB03230C4A9B08FD
S31502003DB8136070470849094A51F82330A2FB0323C6
S31502003DC8074A5B0813607047034951F82330D3400A
S31502003DD8D9E700BF00E0014060060022ABAAAAAA02
S31502003DE8F0BA0022704700BFF8B54AF20350012321
S31502003DF879497A4AA1F8FA03938093889BB2002BF1
S31502003E08FBD101244FF400409FED6F6B9FED707B51
S31502003E18734B7449C3E907115961148083ED007F16
S31502003E281861FFF799FF092206216B4B83F8501A8E
S31502003E3883F8A22093F8002C22B993F8013C98073C
S31502003E4800F0BA80644C94F8003C002B00F0A9807C
S31502003E580022614B83F8012C83F8002C00235E4A6A
S31502003E6882F8363082F8323092F83C301907FBD5A0
S31502003E7845F6017040F211110023574C1085A2F83D
S31502003E884C1082F82A3094F83C309B06FBD5042263
S31502003E9801250526514B544F1A77276284F8245078
S31502003EA884F82660FFF758FF2946962000F002F9A3
S31502003EB8002384F824302762FFF74EFF294696200E
S31502003EC800F0F8F884F82660FFF746FF4AF2015236
S31502003ED8464B1A80BFF35F8F1D72BFF35F8F4FF495
S31502003EE82541198084F8305084F8525084F853508A
S31502003EF894F87630384A43F0400384F8763092F8DC
S31502003F087630DB09FBD0C523042082F86E0082F8DE
S31502003F18763092F87630304903F0BF0382F876306D
S31502003F2891F87630DB09FBD191F855302A4A43F0ED
S31502003F38400381F8553092F85530DB09FBD0C5238A
S31502003F48022082F8540082F8553092F855302249F8
S31502003F5803F0BF0382F8553091F85530DB09FBD1DF
S31502003F6891F857301C4A43F0400381F8573092F8CB
S31502003F785730DB09FBD0C023022082F8560082F8AC
S31502003F88573092F85730144903F0BF0382F8573076
S31502003F9891F85730DB09FBD14FF42543A1F8FA33E0
S31502003FA8F8BD0121C82084F8001C00F083F894F8B3
S31502003FB8003C012BFBD14BE74FF47A70FFF712FF57
S31502003FC84CE700BFAFF30080006CDC0200127A00F7
S31502003FD800800000002D310100E0014000C10140CF
S31502003FE86006002200389C1C322312310020004051
S31502003FF838B50025284C0121C82084F8285000F03D
S3150200400859F884F8245094F82430002BFBD194F8FC
S315020040182430214943F0020384F8243091F82430ED
S31502004028C3F340009B07F9D41B4A81F8220092F891
S31502004038223003F0FF00002BF9D192F840301649DE
S3150200404860F3C71382F8403091F84030DB09FBD1A0
S3150200405891F84200104A63F3C71081F8420092F8B9
S315020040684230DB09FBD192F844000B4963F3C710CF
S3150200407882F8440091F84430C3F3C014DB09F9D13D
S31502004088012000F0C3F8054B012083F84C4CBDE82B
S31502004098384000F08BB800BF0020204000E0014005
S315020040A800BEFEE700000000A0F101000028FBD1D7
S315020040B8704700BF1E4B1F4A1B6800FB01F1934263
S315020040C813D302F1854202F5071203F5742302F6A9
S315020040D8834203F23F23A2FB03239B0CA3FB01317A
S315020040E84FF0FF30E1B1FFF7DFBF4FF47A7210B439
S315020040F8114C4FF0FF30B4FBF3F3A1FB02C434B901
S31502004108BCFBF3F080B15DF8044BFFF7CDBFB1FB02
S31502004118F3F1A1FB0212002AF5D1084620B1F2E713
S315020041281846002BDFD170475DF8044B704700BF75
S31502004138F0BA002200127A0000CA9A3B70B500242F
S315020041480D4B0E4EB3F80021B3F82051ADB215400F
S3150200415825FA04F3DB0704D556F82430E0B203B196
S3150200416898470134102CF3D1034AA2F81051B2F839
S3150200417820311D42FBD170BD00C0004068BA002242
S3150200418800220D2310B40748074C30F8021B02F52B
S31502004198C65C013209B144F82C10013BF5D15DF831
S315020041A8044B7047789C000200600040EFF31081D0
S315020041B8012383F31088124B33F8102092B22AB1E6
S315020041C833F81020013A92B223F8102033F810304F
S315020041D89BB293B910B40B4A0B4CB2F8FA3334F8C3
S315020041E810009BB243F4254323EA0003A2F8FA33EC
S315020041F881F310885DF8044B704781F31088704785
S31502004208E4BA002200E00140889E000230B4EFF3CF
S315020042181081012383F310880E4A32F810309BB2BC
S315020042286BB90D4C0D4DB4F8FA3335F810C09BB284
S3150200423843EA0C0343F425439BB2A4F8FA3332F853
S31502004248103001339BB222F8103081F3108830BC4B
S31502004258704700BFE4BA002200E00140889E0002CF
S3150200426808B502F073FB0C2203461A604FF0FF30C2
S3150200427808BD00BF00BE704708B500F035F8FDF767
S315020042887DFFFEE7F8B5174F05463E68A6B17C687E
S3150200429806EB460604EB860602E00C34B4420BD063
S315020042A8637AAB42F9D1D4E900020021121A0C341E
S315020042B802F040FBB442F3D1BE6896B1FC6804EB47
S315020042C8061602E01034A6420BD0637BAB42F9D144
S315020042D8D4E90002A168121A103402F04DFBA64274
S315020042E8F3D1F8BD089D00025E4B5F4A70B55A616C
S315020042F8BFF34F8FBFF36F8F1B6803F47002B2F5DB
S31502004308801F00F0868013F4600F6ED0574A136838
S3150200431843F004031360BFF34F8FBFF36F8F4FF45D
S315020043287002534B4F4C0020C4F88820A360FDF757
S315020043384BFEFFF759FD0120FDF746FE4D4B83F371
S315020043480A884A4B1A68920703D5A268B2F1007F17
S3150200435863D00020FFF796FFFFF7FEFCFFF748FE43
S315020043680320FFF753FF00234FF00C0E1C464EF0B6
S3150200437801E0414903F10C0221F8224001330FF012
S3150200438807C80320FFF712FF0320FFF73FFF3B4B47
S3150200439803205C609C60DC601C61FFF707FF02205B
S315020043A8FDF712FE0120FFF76DFFBFF34F8FBFF334
S315020043B86F8F2C4BC3F85042BFF34F8FBFF36F8FEB
S315020043C82F4B304D5B1B002B4FEAA30606DD00245C
S315020043D855F8043B01349847A642F9DCFFF7D0FEAC
S315020043E8BDE87040002000F04FB8204A136843F039
S315020043F804031360BFF34F8FBFF36F8F4FF0E022B2
S31502004408936843F480339360BFF34F8FBFF36F8F84
S3150200441885E719077FF47AAF75E7012100261A693D
S315020044285869C2F3C303093301FA03F300240025CA
S315020044383246DB0843F005C0E2E802450FF005C044
S31502004448C0F3C303093301FA03F34FF00052DB0842
S3150200445843F007C0AFF30080E2E802450FF005C05B
S3150200446877E700BF00ED00E001020E0000E001E080
S315020044780000000260020022000D40400040204079
S3150200448858A4000254A40002704700BF4FF0FF313F
S31502004498002200F10803C0E90131C0E903330260D2
S315020044A8704700BF00230361704700BF30B40D6830
S315020044B86B1C10D000F108031C465B681A68AA42F6
S315020044C8FAD94B6099608C6061600861036830BCF8
S315020044D801330360704704696368F2E70369D0E948
S315020044E801128A60416851605A68824204BF826832
S315020044F85A6000220261186801381860704700BFC6
S3150200450870B51646026C0446856B2AB906680135EB
S3150200451810464EB3A56370BD8EB9406802F02CFAF8
S315020045286368216CA2680B449342636028BF2368C0
S3150200453805F1010528BF6360A563002070BDC06848
S3150200454802F01AFA226CE36821689B1A8B42E3602E
S31502004558C2F1000202D2A3681344E360022E08D015
S315020045680135A563002070BDA06801F0D9FAA660DE
S31502004578D0E7012D38BF0125DEE700BF70B5054635
S31502004588FDF7F4FE95F845305CB2002C14DD05F112
S31502004598240603E0631EDAB25CB26AB16B6A5BB1E7
S315020045A8304601F071F90028F4D001F03BFA631E97
S315020045B8DAB25CB2002AF1D1FF2385F84530FDF75D
S315020045C8FDFEFDF7D3FE95F844305CB2002C14DDEF
S315020045D805F1100603E0631EDAB25CB26AB12B6912
S315020045E85BB1304601F050F90028F4D001F01AFA0E
S315020045F8631EDAB25CB2002AF1D1FF2385F8443091
S31502004608BDE87040FDF7DABE70B5002848D0C56B24
S315020046180446002D3DD0026CA2FB0525002D38D19B
S315020046280E46FDF7A3FED4E90F30FF2100FB03F384
S315020046382268181A626013440244A563C4E9023266
S3150200464884F8441084F84510BEB923691BB9FDF7EE
S31502004658B5FE012070BD04F1100001F015F900281D
S31502004668F5D04FF08052124B5A60BFF34F8FBFF30B
S315020046786F8FFDF7A3FE012070BD04F11000FFF74E
S3150200468805FF04F12400FFF701FFFDF797FE01205D
S3150200469870BD4FF4B671074B074A0848FFF700FD8D
S315020046A840F23711064B044A0448FFF7F9FC00BFEB
S315020046B800ED00E0BC9400023C9F000288940002D0
S315020046C8B494000270B582B023B30546D8B10E463B
S315020046D81C4682B1B9B148230193019B482B20D1CC
S315020046E801212046C4E90F562260019BFFF78CFF81
S315020046F8204602B070BD31B948230193019B482B6D
S315020047080FD12246ECE74FF4D871094B094A0A48F9
S31502004718FFF7C6FC4FF4C271084B064A0648FFF774
S31502004728BFFC4FF4CB71064B024A0348FFF7B8FCAD
S315020047380C950002209F000288940002E094000271
S31502004748F094000230B583B0B8B1884203460D46EC
S3150200475813D31446FAB148220192019A482A13D170
S315020047680022E3630121204624602264019BFFF7AD
S315020047784BFF2046A56303B030BD4FF45E71094B6B
S31502004788094A0A48FFF78CFC4FF4CB71084B094AD1
S315020047980648FFF785FC4FF4C271074B054A0348E2
S315020047A8FFF77EFC18950002FC9E00028894000220
S315020047B8F0940002209F0002E09400022DE9F041E5
S315020047C884B00192002800F0AF8004460F461E46C8
S315020047D8002900F08B80022E03D1E36B012B40F0F7
S315020047E89C8001F03FF9002867D0FDF7BFFDA26B58
S315020047F8E36B9A4253D3022E51D00020DFF844814C
S3150200480805460DE0FDF7DAFD2046FFF7B7FE00F094
S3150200481817FEFDF7ABFDA26BE36B01209A423ED36E
S31502004828019B002B6DD0B0B3FDF7C8FD00F000FE6A
S31502004838FDF79CFD94F84430FF2B08BF84F84450DA
S3150200484894F84530FF2B08BF84F84550FDF7B6FDAE
S3150200485802A801A901F09EF8002858D1FDF786FDA5
S31502004868A26BE36B9A42CDD1FDF7A8FD019904F13B
S31502004878100000F0B9FF2046FFF780FE00F0E0FDC9
S315020048880028C6D14FF08053C8F80430BFF34F8FC3
S31502004898BFF36F8FBDE702A801F070F8C4E732468E
S315020048A839462046FFF72CFE636A83B9A8B9FDF795
S315020048B885FD012004B0BDE8F081019B002B94D050
S315020048C840F2BB311C4B1D4A1D48FFF7E9FB04F1B8
S315020048D8240000F0D9FF0028E9D04FF08052194B86
S315020048E85A60BFF34F8FBFF36F8FE0E7036C002B5D
S315020048F83FF471AF40F2B731134B104A1048FFF735
S31502004908CFFBFDF75BFD002004B0BDE8F081204631
S31502004918FFF734FE00F094FDF5E74FF46E710B4B8A
S31502004928064A0748FFF7BCFB40F2B631084B034A72
S315020049380348FFF7B5FB00BFC8950002E89E0002D0
S315020049488894000200ED00E02095000278950002A6
S31502004958B494000230B583B0A1B348230193019BF6
S31502004968482B36D1002501230C46C1E90F350960CB
S31502004978019AFDF7FBFCD4E90F31FF2001FB03F393
S315020049882268591A626013440A44C4E90232A563CA
S3150200499884F8440084F8450004F11000FFF776FD18
S315020049A804F12400FFF772FDFDF708FD2B462A469F
S315020049B829462046A5602560E560FFF7FFFE2046EA
S315020049C803B030BD4FF4C271054B064A0648FFF7DD
S315020049D867FB4FF4CB71054B024A0348FFF760FBAE
S315020049E8E0940002209F000288940002F0940002DC
S315020049F82DE9F04100284ED004460D4617461E46BC
S31502004A0800293ED0022E2CD1E36B012B4AD1FDF7A9
S31502004A1851FDEFF31188102383F31188A36B94F8E1
S31502004A2845302946A06B5DB232462046FFF768FD3F
S31502004A386B1C0AD1636A93B104F1240000F024FFC7
S31502004A4868B167B101233B6009E000F05FFE854269
S31502004A5805D27F2D2DD001356DB284F8455001203F
S31502004A680BE0FDF727FDEFF31188102383F3118876
S31502004A78A26BE36B9A42D2D3002088F31188BDE871
S31502004A88F081036C002BBDD040F291410C4B0D4ACC
S31502004A980D48FFF705FB4FF492610C4B094A0A4889
S31502004AA8FFF7FEFA40F29241094B064A0648FFF71B
S31502004AB8F7FA40F21E51074B024A0348FFF7F0FA8B
S31502004AC820950002CC9E000288940002B49400024B
S31502004AD8789500021C960002F0B585B0019200286E
S31502004AE800F0A38004460E4600296ED000F0BAFFF5
S31502004AF8002857D0FDF73AFCA56B002D6FD1019B14
S31502004B08002B35D002A800F039FF2F46FDF756FCD8
S31502004B1800F08EFCFDF72AFC94F84430FF2B08BF00
S31502004B2884F8447094F84530FF2B08BF84F8457022
S31502004B38FDF744FC01A902A800F02CFFE8B9FDF72D
S31502004B4815FCA36B33BBFDF739FC019904F124006C
S31502004B5800F04AFE2046FFF711FD00F071FC58B33B
S31502004B68FDF704FCA56B002D39D1019B002BCDD195
S31502004B78FDF724FC002005B0F0BD2046FFF7FEFC39
S31502004B8800F05EFCFDF7F2FBA36B002BF0D0FDF7FD
S31502004B9815FCE5E7FDF712FC2046FFF7EFFC00F0EF
S31502004BA84FFCDDE7019B002BA4D040F2F251224BC9
S31502004BB8224A2348FFF774FA4FF08052214B5A6073
S31502004BC8BFF34F8FBFF36F8FCAE7036C002B8DD0ED
S31502004BD840F2ED511C4B194A1948FFF761FA226C4B
S31502004BE85AB1D4E9023111449942E16028BF2168D9
S31502004BF8304628BFE16001F0BFFE2369013DA56387
S31502004C0823B9FDF7DBFB012005B0F0BD04F1100066
S31502004C1800F03AFE0028F4D04FF08052094B5A6051
S31502004C28BFF34F8FBFF36F8FEBE740F2E951074BA4
S31502004C38024A0348FFF734FAC8950002BC9E0002EE
S31502004C488894000200ED00E0CC960002C0960002AD
S31502004C58F0B585B00191002800F0BA80066C0446CA
S31502004C68002E40F0AE8000F0FDFE0546002855D025
S31502004C783546FDF77BFBA36B0027002B41D1019B31
S31502004C88002B7FD0002D63D0FDF798FB00F0D0FBF8
S31502004C98FDF76CFB94F84430FF2B08BF84F8447088
S31502004CA894F84530FF2B08BF84F84570FDF786FB5C
S31502004CB801A902A800F06EFE00283AD1FDF756FBBC
S31502004CC8A36B002B4BD1FDF779FB2368002B5CD035
S31502004CD8019904F1240000F087FD2046FFF74EFCF7
S31502004CE800F0AEFB38B94FF080523D4B5A60BFF325
S31502004CF84F8FBFF36F8FFDF739FBA36B0125002B8F
S31502004D08BDD02268013BA363002A56D02369002B33
S31502004D1844D1FDF753FB012005B0F0BD019B0646C1
S31502004D28002BA6D040F28B612E4B2F4A2F48FFF755
S31502004D38B7F92046FFF722FC00F082FBFDF716FBC7
S31502004D48A36B4BB9FDF73AFB8EB9002005B0F0BD4F
S31502004D5802A800F013FE97E7FDF730FBCBE7FDF755
S31502004D682DFB2046FFF70AFC00F06AFBC3E7FDF7B6
S31502004D78FDFA616A19B1236B1968C1F10601A068C7
S31502004D8800F024FFFDF71AFBDFE7FDF7EFFAA0684C
S31502004D9800F078FE0646FDF711FB99E704F11000CC
S31502004DA800F072FD0028B4D04FF080520C4B5A60C6
S31502004DB8BFF34F8FBFF36F8FABE700F067FFA060BB
S31502004DC8A4E740F286610A4B074A0848FFF768F9E2
S31502004DD840F28261074B044A0448FFF761F900BFB3
S31502004DE800ED00E0C8950002A89E00028894000221
S31502004DF840960002C096000270B518B3F1B10024BD
S31502004E08144D0A222B46A44605E0013A0CF1010C80
S31502004E1803F108030FD05E68864210D0002CF4D145
S31502004E2855F83C600CF1010C002E08BF1C46013AED
S31502004E3803F10803EFD10CB1C4E9001070BD05EB0C
S31502004E48CC04F9E740F6C931034B044A0448FFF794
S31502004E5827F900BFF8BA002280940002949E000245
S31502004E688894000270B504460E461546FDF77EFA8A
S31502004E7894F84430FF2B04BF002384F8443094F896
S31502004E884530FF2B04BF002384F84530FDF796FA18
S31502004E98A36B23B12046BDE87040FFF76FBB04F150
S31502004EA824002A46314600F0BDFC2046BDE8704083
S31502004EB8FFF764BB2DE9F8430446264B2648274AE2
S31502004EC8274DD0F800901768D3F8008028680E4658
S31502004ED80430FFF703FB631C17D02B6819EB040495
S31502004EE85C600BD2296838460431FFF7DFFA1D4B9E
S31502004EF81A68A24200D91C60BDE8F88329684046B0
S31502004F08BDE8F8430431FFF7D1BA76B92B6809F13F
S31502004F18FF325A60B9F1000FF0D1296838460431D8
S31502004F28FFF7C4FA0F4B1B68E6E70F4B2A68596866
S31502004F382C6891602A6888680432E06042602868B2
S31502004F481A682C680430013288601A606361BDE809
S31502004F58F88300BFB4BB00226CBB0022B8BB002298
S31502004F685CBC002250BB002274BB002280B54FF005
S31502004F788059124C124E134D134FDFF850800EE033
S31502004F88FDF7F4F9F368D8680430FFF7A7FA2B6837
S31502004F98013B2B602368013B2360FDF70FFA236868
S31502004FA8002BEDD13B68012B05D9C8F80490BFF355
S31502004FB84F8FBFF36F8FFDF71FFAF0E788BB00220A
S31502004FC88CBB002270BB0022E4BB002200ED00E08D
S31502004FD82DE9F84F594B1C6801341C60002C00F06F
S31502004FE88280DFF87C81D8F800309C4273D3544D16
S31502004FF82B681868002800F08D800020DFF864B15D
S315020050080646504ADFF860C15CE0D9689F68D3F863
S315020050181490B9609F6803F1040E4F60D9F8041022
S31502005028714504BFD968C9F804105E61D9F8001041
S315020050380139C9F80010D3F82890B9F1000F13D036
S31502005048D3E90771B960DF6903F1180A4F60D9F825
S315020050580410514504BF196AC9F804109E62D9F8AA
S3150200506800100139C9F80010D96ADBF800904945E1
S3150200507888BFCBF8001001EB810102EB8101496878
S315020050889960D1F80890C3F80C90C9F804E0C1F801
S3150200509808E0D96ADCF8009001EB810E02EB8E017A
S315020050A8596152F82E10D5F800A0013142F82E1097
S315020050B8D3F82CE0D9F82C10DAF800308E4588BFE0
S315020050C801203BB32B68DB68DB6859688C429CD2AB
S315020050D8C8F8001000E000201B4B1B68002B18BF05
S315020050E80120BDE8F88F164B1A681268FAB9174AF2
S315020050F81868156816491D6010600A6801320A6048
S315020051081A6812685AB94FF0FF33DFF85480C8F8A4
S31502005118003068E74FF0FF33C8F80030DCE71B6859
S31502005128DFF83C80DB681B68C8F800305BE741F2B1
S315020051385F21084B084A0948FEF7B2FF6CBB0022FA
S31502005148B8BB0022E4BB00225CBB0022B4BB00222F
S3150200515858BB00225C9700020CA00002309700029E
S3150200516850BB002268BB00225CBC00222DE9F04736
S3150200517882B00C9CDDE90A5ABAF1000F00F0D98018
S31502005188002C00F0CF809846682301931646019AB0
S315020051989A4240F0C0808946B6000021074620465A
S315020051A8019B01F0C7FB3246A5215046C4F830A040
S315020051B801F0C0FB236B043E1E4426F00706B9F134
S315020051C8000F10D04FF0100C09F1FF3104F1330330
S315020051D811F9012F03F8012F12B1BCF1010CF7D115
S315020051E8002384F84330052D00F28E8004F1040969
S315020051F84846E5626564FFF755F9C5F1060504F107
S315020052081800FFF74FF943463A46216BA561304627
S3150200521824616462FDF794F82060FDF7A7F8484A0E
S31502005228484D1368013313602B68002B40D0464F54
S31502005238E36A3A68002A34D0444E454945480A6822
S3150200524801320A6002689A4238BF036003EB83039D
S3150200525806EB83035B68A3609A68E260C2F804906F
S31502005268C3F80890E36A03EB83039A0006EB830309
S315020052786361B3580133B350FDF7A0F83B6863B1D5
S315020052882A68E36AD26A9A4207D24FF08052324BB0
S315020052985A60BFF34F8FBFF36F8F204602B0BDE847
S315020052A8F0872A68294ED26A934228BF2C60C4E73F
S315020052B82C601368012B03D0E36A244E224FBCE705
S315020052C8224E374606F1780838461437FFF7DEF8D5
S315020052D8B845F9D1DFF8B880204F4046FFF7D6F82F
S315020052E83846FFF7D3F81E48FFF7D0F81D48FFF7F0
S315020052F8CDF81D48FFF7CAF81C4BC3F800801C4BB3
S315020053081F60E36A104F98E740F26471194B1A4A14
S315020053181A48FEF7C5FE40F2FA41194B194A1748D0
S31502005328FEF7BEFE40F2F241174B164A1348FEF745
S31502005338B7FE40F2F141154B124A1048FEF7B0FE8D
S3150200534870BB00225CBC002264BB0022E4BB0022C4
S3150200535854BB002268BB002200ED00E0BCBB002261
S31502005368A0BB00228CBB002274BB0022B8BB002261
S31502005378B4BB00222C98000260A0000230970002FB
S315020053881098000278A00002F4970002D49700024F
S31502005398D0BB002230B500248DB01B4B07AA06A944
S315020053A805A80893CDE905448DF82440FCF708FFC3
S315020053B80699059D2346CDE901151448079A0094D6
S315020053C808A9FFF7D3FE124B186018B9114B1B68D0
S315020053D80DB030BD00F00CFE012808D00130F5D121
S315020053E840F6A9610C4B0D4A0D48FEF759FE80F3AB
S315020053F810884FF0FF350B490B4A0C4B0D601060B5
S315020054081C60FDF739F8E1E749444C45754F00023F
S315020054184CBB00228CA000024098000230A0000279
S315020054283097000250BB002264BB00226CBB0022EC
S31502005438024A136801331360704700BF48BB002253
S315020054482DE9F047604CFCF791FF2368002B00F02A
S31502005458B3802368013B23602068002840F09E80C1
S315020054685A4B1B68002B00F09980594D2B68002B6C
S3150200547800F09F804FF0010C564E574ADFF86CA198
S31502005488DFF87881EB68DB68196ADF69D3F828E008
S31502005498B960DF6903F118094F60DEF8041049455F
S315020054A804BF196ACEF804109862DEF800100139B2
S315020054B8CEF80010D9689F68D3F814E0B9609F68DF
S315020054C803F104094F60DEF80410494504BFD968A0
S315020054D8CEF804105861DEF800100139CEF8001033
S315020054E8D96AD6F800E0714588BF316001EB8101BF
S315020054F802EB810149689960D1F808E0C3F80CE02B
S31502005508CEF80490C1F80890D96A01EB810E02EB35
S315020055188E01596152F82E10013142F82E10DAF82E
S3150200552800E0D96ADEF82C3099422B6888BFC8F8A1
S3150200553800C0002BA6D1294B1A681268002A33D05C
S315020055481A68274BD26812681A60264E356895B1D2
S31502005558012706E0FFF73CFD08B1C8F80070013DD7
S3150200556808D02368002BF5D03368013D03F1010307
S315020055783360F6D13560D8F800307BB14FF08052EF
S31502005588194B1A4909685A60BFF34F8FBFF36F8FD9
S315020055980124FCF713FF2046BDE8F0870024FCF738
S315020055A80DFF2046BDE8F0874FF0FF320C4B1A601C
S315020055B8CBE7DFF84880C8E740F68B710C4B0D4AFB
S315020055C80D48FEF76DFD00BF48BB002270BB0022E6
S315020055D8A0BB002268BB0022E4BB0022B8BB0022A3
S315020055E850BB002260BB002200ED00E05CBC00223A
S315020055F85498000220A00002309700025CBB0022E9
S3150200560810B500283AD0002931D0204B1A68013249
S315020056181A601F4A14681B68012B21D102685318A5
S315020056282CBF01210021A24215D809B99C4214D2E5
S3150200563803600021181BFFF73DFC0124FFF700FF5A
S3150200564838B94FF08052134B5A60BFF34F8FBFF3EE
S315020056586F8F204610BD0029E8D100240360EDE7CC
S3150200566840F638110C4B0D4A0D48FEF719FD4FF45A
S3150200567813610C4B094A0A48FEF712FD40F62F1130
S31502005688094B064A0648FEF70BFD00BF48BB002237
S315020056986CBB002200ED00E09C98000250A00002BC
S315020056A830970002849800027098000208B560B12B
S315020056B80E4B1A6801321A601B68012B0ED10021A3
S315020056C8FFF7F8FBFFF7BCFE38B94FF08052084BDC
S315020056D85A60BFF34F8FBFF36F8F08BD40F68E1126
S315020056E8044B054A0548FEF7DBFC00BF48BB00220F
S315020056F800ED00E09C98000244A0000230970002E8
S31502005708014B1868704700BF6CBB0022014B186832
S31502005718704700BF70BB0022054B1B680BB9FFF729
S3150200572857BC044A0020136801331360704700BF50
S3150200573848BB002260BB0022234B1B681BB1012217
S31502005748224B1A60704770B5204A214D13602A68A9
S315020057582B6812681B6B9A4228D91E4E1E4C31685A
S3150200576801EB810354F823008A0004EB830360B932
S315020057780A4621B920E0013AA3F114031CD053F8D2
S31502005788140C01390028F6D08A00531804EB830258
S315020057981446536808345B68A342536004BFD3684F
S315020057A85360DB682B6031602B6870BD29682868F6
S315020057B83431FCF715FCD0E741F2FA31074B084AB7
S315020057C80848FEF76DFC00BF48BB00225CBB0022FE
S315020057D85CBC002268BB0022E4BB0022B898000227
S315020057E8F89F00023097000210B558B10C46094BD3
S315020057F819681831FEF75AFE2046BDE81040012105
S31502005808FFF758BB4FF4A451034B044A0448FEF76A
S3150200581847FC00BF5CBC0022C8980002E09F000259
S3150200582830970002F8B50346F8B108461146124CFD
S315020058385A682568D4F800C0EA6126682568276888
S3150200584805F1180495681836CCF820506E609460F5
S31502005858BB621A68002902F101021A6018BF4FF0EA
S31502005868FF30BDE8F840FFF725BB41F2BE41034BC6
S31502005878034A0448FEF714FC5CBC0022C8980002DE
S31502005888C09F00023097000238B5C368DB68002B58
S315020058985BD0D3E907019A6A8160DC6903F11800D3
S315020058A84C6051682C4C814208BF196A246808BFAB
S315020058B8516000219962116801391160ACB1274A19
S315020058C8D2E90041D9618D6801341D6214606860AD
S315020058D888609A622249DA6A0B68DB6A9A4232D986
S315020058E80123204A1846136038BD5A69D3E90201D2
S315020058F881609C68181D4C6051681B4C814208BF28
S31502005908D968256808BF51600021596111680139B3
S315020059181160DA6A1549AA4288BF226002EB82023E
S3150200592801EB820252689A609468DC60606090605B
S31502005938DA6A02EB820201EB820058619200885809
S3150200594801308850C6E7002038BD41F2F541084BC0
S31502005958084A0948FEF7A4FB48BB0022A0BB00225E
S315020059685CBC00225CBB002268BB0022E4BB0022AE
S31502005978D4980002A49F000230970002034A044BFF
S3150200598812681B68C0E90023704700BF58BB002293
S315020059986CBB0022F8B550B30D4679B30446FCF742
S315020059A8E5FC2B68194A581C11681BD0DFF870C031
S315020059B82668DCF800706068BE4208D0884206D8BD
S315020059C8002301242B60FCF7F9FC2046F8BD0F1AC8
S315020059D8BB42F5D95B1ADCF80010126803442B6047
S315020059E8C4E900120024FCF7E9FC2046F8BD41F29E
S315020059F8A551074B074A0848FEF752FB41F2A65142
S31502005A08064B044A0448FEF74BFB00BF6CBB002258
S31502005A18E49800028C9F000230970002F098000278
S31502005A2858BB00220122014B1A6070475CBB002258
S31502005A3870B1006B0378A52B10D103469C4613F868
S31502005A48012FA52AFAD0C0F10100604480087047E8
S31502005A58034B1868006B0378A52BEED0002070471D
S31502005A685CBC0022054B1B6833B1054B1868B0FABB
S31502005A7880F04009400070470120704764BB00224D
S31502005A8848BB0022F8B50446C8B1224DC36A2A6843
S31502005A98D26A934214D28269002A04DB2A68D26A3D
S31502005AA8C2F1060282611C4E626903EB830306EBAE
S31502005AB883039A420CD02B68DB6AE3620120F8BDA5
S31502005AC82B68406CDB6A98422CBF00200120F8BD87
S31502005AD8271D3846FEF702FD104A2B681168DB6A55
S31502005AE88B42E36288BF136003EB830306EB8303EF
S31502005AF85B68A3609A68E26057609F60E36A03EB9B
S31502005B08830306EB830262619B00F2580132F2506C
S31502005B18D4E700BF5CBC0022E4BB002268BB0022BB
S31502005B2888B138B5224B04461B68834232D19B6C36
S31502005B38002B36D0C16A426C013B9142836400D085
S31502005B481BB1002038BD00207047051D2846FEF708
S31502005B58C5FC636C174AC3F10600A06101201168EF
S31502005B68E3628B4288BF1360134A03EB830302EB9B
S31502005B7883035B68A3609968E1604D609D60E36A90
S31502005B8803EB830302EB830161619B00D158014455
S31502005B98D15038BD41F62821084B094A0948FEF773
S31502005BA87FFA41F62921084B054A0648FEF778FA94
S31502005BB85CBC002268BB0022E4BB002200990002FA
S31502005BC8749F0002309700021899000270B170B5EE
S31502005BD8826C0446002A3CD0406CE36A814238BF94
S31502005BE801468B4201D0012A01D070BD7047204A76
S31502005BF81268A24234D0A2691E4D002A03EB83031F
S31502005C086269E16205EB8303A4BFC1F10601A161E2
S31502005C189A42EAD1261D3046FEF760FC164AE36A26
S31502005C2811688B4288BF136003EB830305EB83037A
S31502005C385B68A3609A68E26056609E60E36A03EB5B
S31502005C48830305EB830262619B00EA580132EA503C
S31502005C5870BD41F68621094B094A0A48FEF720FA21
S31502005C6841F6A121084B064A0648FEF719FA00BF73
S31502005C785CBC0022E4BB002268BB00221899000221
S31502005C88509F00023097000230990002034B1868B1
S31502005C9810B1836C01338364704700BF5CBC002279
S31502005CA8F0B5144C83B0FCF761FB256825B103B047
S31502005CB8BDE8F040FCF782BB0F4F104E3846FEF7A0
S31502005CC8E5FB3046FEF7E2FBDFF840E0DFF840C0CE
S31502005CD800950C210A200A4B0A4ACEF80070CCF825
S31502005CE80060FEF7EFFC20600028E0D00649FFF7C7
S31502005CF883F8DCE728BD002248BD002234BD002215
S31502005D0860BC0022A8BC00224899000230BD0022CD
S31502005D182CBD00222DE9F047DFF884900546D9F814
S31502005D2800300F46DB68DC6804F104084046FEF7DB
S31502005D38D5FB94F824305A070ED423F0010384F8CD
S31502005D4824302046236ABDE8F047184793421BD8F9
S31502005D582046236A98473546A3697A1BEE182CBF54
S31502005D6801210021B74266602461EFD2AF4201D217
S31502005D780029EDD0D9F800004146FEF797FB2046E8
S31502005D88236ABDE8F0471847044B41461868FEF7F0
S31502005D988DFB2046236ABDE8F04718472CBD002232
S31502005DA830BD00222DE9F04F0027894D894E8A4CD5
S31502005DB8DFF8388285B02B68D3F800B0BBF1000F44
S31502005DC800F0B180DB68D3F800B0FFF731FBFFF7CC
S31502005DD897FC33688246834243D88345306040F253
S31502005DE8BE8000222068ABEB0A01FFF73BF8FFF7FB
S31502005DF827FB38B94FF08053784A5360BFF34F8F69
S31502005E08BFF36F8FCDE9017703970022206801A9B6
S31502005E18FEF762FE0028CED0019B002BF5DBDDF8EB
S31502005E280CA0DAF814301BB10AF10400FEF756FB8F
S31502005E38FFF766FC33688346984226D3019BC6F869
S31502005E4800B0013B082BE0D8DFE803F029294D54BE
S31502005E584D29294D5400DB684FF0FF311868FFF7CA
S31502005E6859FF2B681A68002AF5D1D8F80020C6F817
S31502005E7800A02A60C8F80030FFF7E2FAC2E7DB683A
S31502005E884FF0FF311868FFF745FF2B681A68002A9A
S31502005E98F5D1D8F80020C8F800302A60CEE79AF87B
S31502005EA82410029ADAF8183041F0010CD0188AF850
S31502005EB824C02CBF4FF0010C4FF0000C5845CAF80D
S31502005EC80400CAF810A03FD8ABEB0202934223D8CB
S31502005ED84A074BD421F001018AF824105046DAF811
S31502005EE82030984791E79AF8243023F001038AF87C
S31502005EF824308AE79AF82420029B42F001028AF8A3
S31502005F082420CAF81830002B5AD05B445B45CAF8DD
S31502005F180430CAF810A01CD8D8F800000AF1040107
S31502005F28FEF7C4FA71E7FFF783FAFFF7E9FB33686E
S31502005F388246984295D3D8F80030C6F800A01A6867
S31502005F48B2FA82F252094DE75A4502D9BCF1000F5C
S31502005F58BED028680AF10401FEF7A8FA55E7FFF74A
S31502005F686FFA51465846FFF7D5FE4BE7029A1A448E
S31502005F780AE0ABEB020293421BD8DAF8203050460D
S31502005F8898474A46DAF8183013EB02092CBF012063
S31502005F980020CB45CAF80490CAF810A0E9D2934566
S31502005FA801D20028E9D028680AF10401FEF77EFA30
S31502005FB894E7D8F800000AF10401FEF777FA8DE7AC
S31502005FC84FF48261064B074A0748FEF769F800BF95
S31502005FD830BD002220BD002228BD002200ED00E0CF
S31502005FE88499000290A00002589900022CBD002252
S31502005FF830B589B0FFF754FE114B1B68CBB10024AC
S31502006008032507AA06A905A8CDE90544FCF7E6F87B
S315020060182346069A059C0B49CDE901240A48079AA4
S315020060280095FFF7A3F8094B186010B1012009B0D3
S3150200603830BD4FF4A371064B064A0748FEF730F8FF
S3150200604828BD0022AC990002AD5D000224BD0022E3
S31502006058B4990002ACA0000258990002F0B52DEDE1
S31502006068028BB0EE408B85B017460C460D9D18EE96
S31502006078902A0C9E25F02005002AB6BF2D22002262
S31502006088B1EE408B462D1A7004D0452D00D101344D
S31502006098022100E0032103ABB0EE480B224601932E
S315020060A802AB0093334600F00BFD472D14D1FB07D4
S315020060B80AD50219B5EE408B3021F1EE10FA08BF67
S315020060C80392039B934219D3039B0E9A1B1A1360DE
S315020060D805B0BDEC028BF0BD462D00EB0402E9D1FA
S315020060E80378302B07D1B5EE408BF1EE10FA1CBFC0
S315020060F8C4F10104346033681A44DBE75C1C039478
S315020061081970DEE7F7B500290270BABF49422D2396
S315020061182B230929437028DD0DF107030A271D469B
S315020061281A46013BB1FBF7F607FB1614303402F8A0
S31502006138014C0C463146632CF2DC3031941E03F8CE
S31502006148011C411C2346AB420AD30DF109039B1AD3
S31502006158AC4288BF002302330344181A03B0F0BDC9
S3150200616813F8016B01F8016FEDE7302330318370C4
S31502006178031DC170F1E700002DE9F04F8DB00C4602
S3150200618816461F46DDF85880054600F0DBFBD0F8B8
S3150200619800B0584600F0FDFB002394F818900A93C5
S315020061A8D8F8003022680733059023F0070303F175
S315020061B80801C8F8001093ED000B9FED976BB0EE3F
S315020061C8C07B84ED120BB4EE467BF1EE10FA24DDA9
S315020061D8B5EEC00BF1EE10FA02D52D2384F8433042
S315020061E88F49904BB9F1470F8CBF8846984622F0E3
S315020061F8040203234FF0000A2260236133460BAAE6
S3150200620821462846009700F0D1F9013040F08980EE
S315020062184FF0FF300DB0BDE8F08FB4EE400BF1EE53
S3150200622810FA09D710EE903A7F49002BBCBF2D23EE
S3150200623884F843307D4BD5E7636809F0DF0A591CB9
S3150200624839D10623636042F480620023284622601D
S3150200625803930AABCDE9019309AB00930DF123032E
S315020062686168FFF7FBFEBAF1470F8046099929D103
S31502006278C81C02DB6368994241DDA9F102095FFA8B
S3150200628889F901394A4604F150000991FFF73AFFA4
S315020062980A9A82461318012A236102DC2268D20767
S315020062A801D5013323619DF82330002BA6D02D2377
S315020062B884F84330A2E7BAF1470FC4D1002BC2D102
S315020062C80123BFE7B9F1650FDBD9B9F1660F18D11A
S315020062D8002963680BDD216113B92268D00702D54C
S315020062E801330B4423614FF0000AA165DBE713B9BA
S315020062F82268D20701D50233F4E70123F2E74FF009
S3150200630867090A9B994205DB23682161D807EAD502
S315020063184B1CE7E70029D4BFC1F10202012213444C
S31502006328E0E723685A0507D42369424631462846D8
S31502006338B84701302AD16BE7B9F1650F40F2E08020
S3150200634894ED127BB5EE407BF1EE10FA33D10123C0
S31502006358374A31462846B84701303FF459AFDDE996
S315020063680938434502DB2368D8070FD5059B5A46E9
S3150200637831462846B84701303FF44AAF4FF0000984
S3150200638808F1FF3804F11A0AC84509DC23689B0795
S3150200639800F10781E0680B9B9842B8BF184639E7B7
S315020063A80123524631462846B84701303FF430AFFA
S315020063B809F10109E8E7099B002B3BDC01231C4A8A
S315020063C831462846B84701303FF422AFDDE909399C
S315020063D859EA030302D12368D907D7D5059B5A463A
S315020063E831462846B84701303FF412AF4FF0000A4B
S315020063F804F11A0B099B5B42534501DC4B4694E7B1
S3150200640801235A4631462846B84701303FF400AFC1
S315020064180AF1010AEEE700BFFFFFFFFFFFFFEF7F6A
S31502006428C6A00002C2A00002CEA00002CAA00002B4
S31502006438D2A00002A36DDDF828A05345A8BF534693
S31502006448002B994637DC002329EAE97904F11A0276
S315020064580793A36D07990693A3EB09038B4231DCD5
S31502006468099B9A453BDC2368DA0738D4099BAAEBD1
S315020064780309069BAAEB03039945A8BF9946B9F1F6
S31502006488000F34DC4FF0000829EAE97904F11A0B07
S31502006498099BAAEB0303A3EB090343457FF776AFF0
S315020064A801235A4631462846B84701303FF4B0AE72
S315020064B808F10108ECE7424631462846B84701305A
S315020064C8C1D1A5E60123314628460692B8470130CE
S315020064D83FF49EAE079B069A01330793B9E7059BDD
S315020064E85A4631462846B8470130BFD190E6069A41
S315020064F84B46314628464244B8470130C2D187E660
S31502006508DDF82890B9F1010F01DCDB0736D5012346
S31502006518424631462846B84701303FF479AE059BD4
S315020065285A4631462846B84701303FF471AE09F15A
S31502006538FF3994ED127BB5EE407BF1EE10FA18D0D6
S315020065484B4608F1010231462846B84701300CD1BC
S315020065585EE601235A4631462846B84701303FF4DB
S3150200656857AE08F10108C845F3DB534604F1500259
S31502006578DCE64FF0000804F11A0BF4E70123424661
S31502006588E1E701234A4631462846B84701303FF437
S315020065983FAE08F10108E3680B995B1A4345F0DC44
S315020065A8F8E64FF0000804F11909F4E72DE9F04777
S315020065B8164698468A6807460B690C46DDF8209007
S315020065C89342B8BF1346336091F843200AB10133A8
S315020065D833602368990642BF3368023333602568FD
S315020065E815F0060506D104F1190AE36832689B1A02
S315020065F8AB422BDC94F843302268003B18BF0123D8
S31502006608920630D404F1430241463846C84701305F
S3150200661823D023681A3454F80A2C03F00603042BF1
S315020066280ABF54F80E5C002533684FF0000608BF0F
S31502006638ED1A54F8123C08BF25EAE5759342C4BF21
S315020066489B1AED18B5421AD1002008E001235246DA
S3150200665841463846C847013003D14FF0FF30BDE8FE
S31502006668F0870135C1E7E1185A1C3020023322446B
S3150200667881F8430094F8451082F84310C2E70123D3
S31502006688224641463846C8470130E6D00136D9E7A0
S315020066982DE9FF470F7E914680460C46782F9A468B
S315020066A80C9E01F1430207D8622F0AD8002F00F088
S315020066B8D180582F00F0B88004F1420684F842705F
S315020066C83AE0A7F16303152BF6D801A151F823F096
S315020066D83167000245670002C1660002C166000210
S315020066E8C1660002C166000245670002C166000271
S315020066F8C1660002C1660002C16600024368000262
S315020067086F670002FD670002C1660002C1660002E9
S3150200671865680002C16600026F670002C166000270
S31502006728C16600020568000233681A1D1B683260DA
S3150200673804F1420684F8423001239CE0336820685B
S31502006748191D3160060601D51D6803E04506FBD50D
S31502006758B3F90050002D03DA2D236D4284F8433035
S3150200676858480A2311E021683368080653F8045B7F
S3150200677802D4490648BFADB26F2F3360514814BFE1
S315020067880A230823002184F843106668002EA660AF
S3150200679805DB21682E4321F0040121604BD0164601
S315020067A8B5FBF3F103FB1157C75D06F8017D2F46CA
S315020067B80D46BB42F4D9082B0BD12368DF0708D54F
S315020067C8236961689942DEBF302306F8013C06F167
S315020067D8FF36921B22614B4603AA21464046CDF854
S315020067E800A0FFF7E3FE01304AD14FF0FF3004B0B4
S315020067F8BDE8F087236843F02003236078273248F0
S31502006808236884F845701F06316851F8045B02D480
S315020068185F0648BFADB23160D90744BF43F02003D3
S3150200682823601DB11023ADE72648E9E7236823F064
S3150200683820032360F6E71646BDE733682568181D68
S31502006848616930602E061B6801D5196002E0680688
S31502006858FBD51980002316462361BCE7336800215D
S315020068681A1D32601E686268304600F077F808B171
S31502006878801B606063682361002384F84330AAE7BB
S315020068882369324649464046D0470130ADD023688F
S315020068989B0713D4E068039B9842B8BF1846A6E73D
S315020068A80123324649464046D04701309DD001353C
S315020068B8E36803995B1AAB42F2DCEBE7002504F1C5
S315020068C81906F5E7D4A00002E5A000020CB4184B9D
S315020068D830B50C1E9DB01D6808DA8B234FF0FF30C9
S315020068E82B601DB0BDE8304002B070474FF402730A
S315020068F80290069002A9ADF8143014BF04F1FF33D2
S315020069082346209A2846049307934FF6FF73ADF859
S31502006918163021AB019301F0FFFA431CBCBF8B234F
S315020069282B60002CDDD0029B00221A70D9E700BF2B
S315020069388800002202440346934200D1704703F8B6
S31502006948011BF9E700487047C8010022014B186885
S31502006958704700BF8800002270477047C9B20346D5
S31502006968024410B59342184601D1002003E0047888
S3150200697801338C42F6D110BD0A44431E914200D11E
S31502006988704710B511F8014B914203F8014FF9D13E
S3150200699810BD034613F8012B002AFBD1181A013839
S315020069A870472DE9F74F036907460C69A342C0F2FF
S315020069B88380013C00F1140501F11408A30055F87F
S315020069C8242008EB8409009305EB8403019358F805
S315020069D8243001339A42B2FBF3F631D34FF0000A60
S315020069E8C446AE46D3465CF8043B98B2E1454FEA44
S315020069F8134306FB00A04FEA104280B206FB0323AC
S31502006A08DEF8002092B24FEA134AA2EB00029BB2CA
S31502006A18DEF800005A44C3EB224392B203EB10435A
S31502006A2842EA03424FEA234B4EF8042BDBD2009B81
S31502006A38EB582BB9019B043B9D421A4630D33C6165
S31502006A48384601F001F9002826DB2946002058F8C5
S31502006A58042BD1F800C01FFA82FEC1451FFA8CF337
S31502006A684FEA1242A3EB0E030344C2EB23429BB244
S31502006A7802EB1C4243EA02434FEA224041F8043B36
S31502006A88E5D255F8242005EB840322B9043B9D423E
S31502006A981A460BD33C610136304603B0BDE8F08F87
S31502006AA81268043B002ACAD1013CC5E71268043BB6
S31502006AB8002AEFD1013CEAE70020EEE700000000D9
S31502006AC82DE9F04FC76981462DED028B91B055EC41
S31502006AD8104B1C9E069109920C938DED020B7FB901
S31502006AE8102000F085FD0246C9F81C0020B99E4B0D
S31502006AF8EF219E48FDF7D4FAC0E901770760C7601F
S31502006B08D9F81C30196859B15A6801234846934086
S31502006B184A608B6000F062FED9F81C3000221A60C7
S31502006B282B1EB7BF23F00043002301220393ACBFF9
S31502006B38336032608E4B039EB34310D142F20F7319
S31502006B480C9A1360C6F31303234300F0D5841D9BE6
S31502006B58884F002B00F0D784FB1C00F0D2BC9DEDB9
S31502006B68028BB5EE408BF1EE10FA0AD101230C9A8C
S31502006B7813601D9B13B1804B1D9A13607F4F00F063
S31502006B88C2BC0EAAB0EE480B0FA9484601F010F98E
S31502006B98C6F30A530E9A0190002B45D018EE901AA6
S31502006BA8B0EE487BA3F2FF330025C1F3130141F08F
S31502006BB87F5141F44011B7EE086B07EE901A9FED2C
S31502006BC8645B37EE467B9FED646BA7EE056B07EEBB
S31502006BD8903AB8EEE74B9FED625BB0EE467BA4EEC9
S31502006BE8057BB5EEC07BFDEEC76BF1EE10FA16EE2D
S31502006BF8908A08D5B8EEE66BB4EE476BF1EE10FA5A
S31502006C0818BF08F1FF38B8F1160F2DD85C4901EB09
S31502006C18C80191ED007BB4EEC78BF1EE10FA01D5EF
S31502006C2808F1FF38002120E00F9B0125134403F2E7
S31502006C3832412029C9BFC1F14001C1F120018E406C
S31502006C4803F21241D8BF04FA01F103F1FF33C4BFBC
S31502006C5824FA01F1314307EE901AB8EE677B17EE74
S31502006C68901AA1F1F871A6E70121D21A0B91531EC7
S31502006C78059345BFC2F10103002200230592B8F12C
S31502006C88000F17DB059ACDF82880424405920022A8
S31502006C980792069A092A42D8052AC5BF043A002449
S31502006CA801240692069A023A032A43D8DFE802F03A
S31502006CB83335160AC8F10002A3EB0803079200222D
S31502006CC80A92E6E701220892099A08EB020B0BF1EF
S31502006CD8010A5246012AB8BF012206E00122089299
S31502006CE8099A002A29DD93469246D9F81C70002192
S31502006CF8042000F11406964226D979604846049380
S31502006D0800F02CFD049B074600283DD11D4B024688
S31502006D1840F2AF11EDE60022E1E70022D3E70124B3
S31502006D280022089406924FF0FF3B00211222DA460F
S31502006D380991DAE701220892F5E74FF0010BDA46E4
S31502006D485A46CDF824B0D0E701314000D1E700BF5A
S31502006D5861436F63A787D23FB3C8608B288AC63F51
S31502006D68FB799F501344D33F03A100021AA10002E4
S31502006D780000F07FFFA00002D3A00002D2A000020A
S31502006D8830A2000273A10002D9F81C20BAF10E0F34
S31502006D9810606ED8002C6CD0B8F1000F40F3B480A6
S31502006DA808F00F01C74A18F4807F02EBC1024FEAC6
S31502006DB8281192ED007B00F09B80C34A01F00F0177
S31502006DC892ED086B032288EE066B8DED026BBE48C8
S31502006DD8002940F08F809DED026B86EE077B8DEDD4
S31502006DE8027B0B999DED027B002900F0B380B7EE7A
S31502006DF8006BB4EEC67BF1EE10FA40F1AB80BAF145
S31502006E08000F00F0A780BBF1000F30DDB2EE046B75
S31502006E1808F1FF3101325C46049127EE067B8DEDBF
S31502006E28027B07EE902AB1EE0C5B9DED026BB8EE83
S31502006E38E77BA7EE065B15EE902A51EC150BA2F13D
S31502006E485071002C40F08A80B1EE047B36EE476B17
S31502006E5841EC170BB4EEC76BF1EE10FA00F35D8244
S31502006E68B1EE477BB4EEC76BF1EE10FA23D48DED83
S31502006E78028B0F990029C0F22981B8F10E0F00F38F
S31502006E882581904B03EBC80393ED006B099B002BFE
S31502006E9880F2C880BAF1000F00F3C4800BD1B1EEBC
S31502006EA8047B26EE076B9DED027BB4EEC76BF1EE13
S31502006EB810FAC0F22F8200242546099B3E46DB4380
S31502006EC804934FF000082146484600F087FC002D3F
S31502006ED800F0A280B8F1000F05D0A84503D04146BC
S31502006EE8484600F07BFC2946484600F077FC93E0CA
S31502006EF802226CE7CC0704D5013290ED006B27EE2F
S31502006F08067B4910083063E722D0C8F100016D4AB2
S31502006F18002401F00F00091102EBC0026A4892ED43
S31502006F28007B022228EE077B8DED027B29B9002C15
S31502006F383FF457AF8DED027B53E7CE0705D50132F5
S31502006F48012490ED006B27EE067B49100830EDE729
S31502006F58022246E75446CDF8108062E7594A02EB08
S31502006F68C4023C4412ED024B089A41EC170B4AB391
S31502006F78B6EE003B3E46B7EE002B83EE045BB2EE5E
S31502006F88043B35EE477BFDEEC64BB8EEE45B14EEEA
S31502006F98902A303236EE456B06F8012BB4EEC76BF3
S31502006FA8F1EE10FA38D432EE465BB4EEC75BF1EE78
S31502006FB810FA6ED4A6423FF45AAF27EE037B26EEAA
S31502006FC8036BE0E727EE047B21463E46B2EE043B1E
S31502006FD8FDEEC64B14EE902AB8EEE45B303236EE7E
S31502006FE8456B06F8012BA64219D1B6EE005B37EEC1
S31502006FF8054BB4EEC46BF1EE10FA4ADC35EE475B8C
S31502007008B4EEC56BF1EE10FA7FF531AF0E460139D3
S3150200701816F8013C302BF9D0DDF8108027E026EE71
S31502007028036BD5E79DED027BB2EE044B3E4687EE37
S31502007038065BBDEEC55B15EE103AB8EEC53B3033BE
S31502007048A3EE467B06F8013BF31B9A4532D137EE8F
S31502007058077BB4EEC67BF1EE10FA18DCB4EE467B7B
S31502007068F1EE10FA03D115EE103ADB070FD40199A7
S31502007078484600F0B3FB00230C9A337008F101036B
S3150200708813601D9B002B00F03E821E603BE2CDF88A
S31502007098108033461E4613F8012D392A06D19F421F
S315020070A8F8D1049A0132049230223A701A780132DF
S315020070B81A70B1E727EE047BB5EE407BF1EE10FAC3
S315020070C8B5D1D4E730A2000208A20002089A002A23
S315020070D800F0E580069A012A00F3C680002D00F02A
S315020070E8BF8001F23341079C1E460B44484604936F
S315020070F8059B0B440121059300F026FC049B0546DB
S3150200710856B1059A002A07DDB2420599A8BF32464A
S315020071189B1AB61A8A1A0592079A12B3089A002A6D
S3150200712800F0C1809CB12946224648460D9300F0DC
S31502007138C5FC019A01460546484600F01BFC019922
S315020071480490484600F04AFB049A0D9B0192079A5E
S31502007158121B06D004930199484600F0AFFC049B23
S31502007168019001214846049300F0EEFB0A9A044670
S31502007178049B002A00F0CD810146484600F09EFC99
S31502007188069B0446012B049B00F39480029A002A6C
S3150200719840F08C80039AC2F31302002A40F08880DA
S315020071A8039A22F00042120D120522B1059A013302
S315020071B801320592012207920A9A002A00F0AF814B
S315020071C82269049304EB8202106900F071FB049BA6
S315020071D8C0F12000059A104410F01F0075D0C0F1C6
S315020071E82002042A69DDC0F11C00059A0344024400
S315020071F806440592002B05DD1A460199484600F019
S31502007208B7FC0190059B002B05DD21461A46484628
S3150200721800F0AEFC04460B9B002B58D02146019881
S3150200722800F012FD002852DA08F1FF330A2201990A
S3150200723848460493002300F0F3FA089B0190002BBA
S3150200724800F06F81294600230A22484600F0E8FA30
S31502007258BBF1000F054666DC069B022B40DC62E0AA
S315020072680E99C1F136013EE70AF1FF34079AA242A6
S3150200727807DBBAF1000FA2EB04040CDB1E465146EB
S3150200728833E7079A1E460A99A21A0794002411445C
S315020072980A91514629E7A3EB0A06002125E7079C2E
S315020072A81E46089D2CE7079A049354E7002282E7B4
S315020072B8029A80E70022079282E79BD01C32059940
S315020072C8114413441644059194E70246F6E7BAF1C7
S315020072D8000FD346CDF8108021DC069B022B1EDD5B
S315020072E8BBF1000F7FF4E9AD21465B46052248460D
S315020072F800F096FA01460446019800F0A5FC00281B
S315020073087FF7DBAD31233E4606F8013B049B01338A
S315020073180493D6E55446CDF810802546F2E7089B35
S31502007328002B00F00281002E05DD2946324648462A
S3150200733800F01EFC0546079B002B58D06968484694
S3150200734800F00CFA064628B9824B024640F2EF21B3
S31502007358FFF7CFBB2A6905F10C010C300232920005
S31502007368FFF70AFB01223146484600F001FC7B1C66
S31502007378A8460546059307EB0B030993029B03F000
S3150200738801030893059B2146019803F1FF3BFFF78A
S3150200739808FB4146029000F1300A019800F054FCBD
S315020073A82A4607902146484600F06AFCC268064605
S315020073B8FAB90146019800F047FC024631464846AA
S315020073C80A9200F00BFA0A9ADDE9056342EA03011A
S315020073D8089B19430FD1BAF1390F28D0079B002B06
S315020073E802DD029B03F1310A8BF800A06BE5284601
S315020073F8BDE70122E2E7079B002B04DB06990B4354
S3150200740808990B4320D1002AEEDD0122019948464C
S3150200741800F0AEFB2146019000F016FC002803DCC2
S31502007428E2D11AF0010FDFD0BAF1390FD9D13923D7
S315020074388BF8003033461E46013B16F8012C392AD2
S3150200744852D001321A703EE5002A07DDBAF1390F29
S31502007458EDD00AF101038BF8003034E5059B099A51
S3150200746803F801AC934229D000230A22019948461F
S3150200747800F0D6F9A84501904FF000034FF00A0232
S315020074884146484607D100F0CBF980460546059B9A
S315020074980133059376E700F0C3F9294680460023AF
S315020074A80A22484600F0BCF90546F0E7BBF1000F90
S315020074B84FF00008CCBF5E4601263E4401220199E0
S315020074C8484600F055FB2146019000F0BDFB002816
S315020074D8B0DC02D11AF0010FACD133461E4613F8BE
S315020074E8012D302AFAD0EEE49F42A4D1049B01333F
S315020074F8049331233B70E6E41D9B174F1BB107F13A
S3150200750808031D9A1360384611B0BDEC028BBDE81C
S31502007518F08F069A012A7FF739AE0A9A0792012056
S3150200752858E6BBF1000F7FF7D8AE3E4621460198D2
S31502007538FFF737FA00F1300A06F801ABF21B93455A
S31502007548B4DD00230A220199484600F069F9019040
S31502007558ECE700BF73A10002F6A0000238B50546A3
S31502007568002941D051F8043C0C1F002BB8BFE4187F
S3150200757800F0E8F81D4A136833B9636014602846B8
S31502007588BDE8384000F0E4B8A34208D920682118BB
S315020075988B4201BF19685B6809182160EDE71A4634
S315020075A85B680BB1A342FAD911685018A0420BD1F5
S315020075B820680144501811608342E0D118685B685C
S315020075C8084453601060DAE702D90C232B60D6E729
S315020075D8206821188B4202BF19685B680918636024
S315020075E808BF21605460CAE738BD00BFA0BE0022AA
S315020075F8024B0146186800F025B800BF8800002231
S3150200760870B50F4E0C460546316811B900F09AFD61
S3150200761830602146284600F095FD431C03D14FF001
S31502007628FF34204670BDC41C24F00304A042F8D0DF
S31502007638211A284600F086FD0130F2D1EFE700BF95
S315020076489CBE00222DE9F843CD1C064625F003050B
S3150200765808350C2D38BF0C25002D01DBA94204D9AB
S315020076680C2333600020BDE8F883DFF8D48000F0ED
S3150200767869F8D8F800301C4644BB29463046FFF75D
S31502007688BFFF431C044658D1D8F800402746002FAE
S3150200769843D1002C4BD023683946304604EB030904
S315020076A800F050FD814542D1216830466D1A2946BF
S315020076B8FFF7A6FF01303AD023682B442360D8F897
S315020076C800305A6862BBC8F800700FE02268521B85
S315020076D820D40B2A17D96119A342256018BF59600D
S315020076E8636808BFC8F8001062514B60304600F064
S315020076F82FF804F10B00231D20F00700C21A1CBF45
S315020077081B1AA350AFE76268A3420CBFC8F8002051
S315020077185A60EBE723466468AEE73C467F68B6E7FD
S315020077281A465B68A342FBD100235360DEE70C23AB
S315020077383046336000F00CF894E70560D6E700BFE0
S31502007748A0BE00220148FFF707B900BF98BE002273
S315020077580148FFF702B900BF98BE002270B5C66994
S3150200776804460D4676B91020FFF742FF0246E0614D
S3150200777820B9184B6B211848FCF792FCC0E9016640
S315020077880660C660E669F36883B1E369DB6853F8A5
S315020077982500B8B90121204601FA05F6721D9200A4
S315020077A800F0E0FC60B1C0E901560EE02122042196
S315020077B8204600F0D7FCE369F060DB68002BE4D1D1
S315020077C8002070BD026843F825200023C0E9033370
S315020077D8F7E700BF03A1000284A1000270B5C669DB
S315020077E805460C4676B91020FFF702FF0246E86105
S315020077F820B9094B8F210948FCF752FCC0E90166FA
S315020078080660C6603CB1EB696268DB6853F8221011
S31502007818216043F8224070BD03A1000284A1000240
S315020078282DE9F04101F1140C07460C461E460D6976
S315020078380020DCF80030013099B2854202FB016172
S315020078484FEA13464FEA114389B202FB063301EBAC
S3150200785803414FEA13464CF8041BEADC0EB3A3684D
S31502007868AB4219DC616838460131FFF777FF80467B
S3150200787828B902460C4BBA210C48FCF711FC2269BE
S3150200788804F10C010C3002329200FFF775F821461A
S3150200789844463846FFF7A2FF04EB850301355E61CD
S315020078A825612046BDE8F08173A1000284A1000289
S315020078B8B0F5803F034636BF030400201020B3F11B
S315020078C8807F3CBF1B020830B3F1805F3CBF1B01BF
S315020078D80430B3F1804F3CBF9B000230002B05DB1E
S315020078E813F0804F00F1010008BF2020704703689B
S315020078F8024613F007000BD0D90721D4980747BFD1
S315020079085B0801209B0802204CBF13601360704776
S3150200791899B209B91B0C1020D9B209B908301B0A49
S31502007928190704BF1B090430990704BF9B080230D4
S31502007938D90703D45B0800F1010003D0136070472E
S31502007948002070472020704710B50C460121FFF72A
S3150200795805FF024628B9054B40F245110448FCF7D3
S315020079689FFB01234461036110BD00BF73A100029E
S3150200797884A100022DE9F04F17460A69894685B0A7
S315020079883B699A42A2BF3B460F4699463D69BB6888
S31502007998D9F810A0796805EB0A06B342B8BF0131D7
S315020079A8FFF7DCFE30B90246424B4FF4B17142484A
S315020079B8FCF776FB00F11404002204EB860E23463C
S315020079C8734520D307F1140809F1140108EB85055C
S315020079D801EB8A030293EB1B1537153B23F00303CE
S315020079E80433BD4238BF04230193029B03918B42A1
S315020079F80CD8002E03DD5EF8043D002B57D0066135
S31502007A0805B0BDE8F08F43F8042BD9E7B1F800A01A
S31502007A18BAF1000F21D0C446A14600275CF8042B10
S31502007A28D9F800301FFA82FB65459BB24FEA12422B
S31502007A380AFB0B333B44D9F800704FEA17470AFB97
S31502007A48027202EB13429BB24FEA124743EA02431F
S31502007A5849F8043BE2D8019BE750039B0431B3F88B
S31502007A680290B9F1000F20D023684746A4464FF08A
S31502007A78000AB7F800B09BB2BCF8022009FB0B2239
S31502007A88524443EA02434CF8043B57F8043B4FEA94
S31502007A98134ABCF80030BD4209FB0A3303EB124312
S31502007AA84FEA134AE5D8019AA35004349DE7013EEA
S31502007AB89FE700BF73A1000284A100022DE9F843E3
S31502007AC8154612F0030207460E4607D0013A254C20
S31502007AD8002354F82220FFF7A3FE0646AD103DD038
S31502007AE8FC697CB91020FFF783FD0246F86128B9C4
S31502007AF81D4B40F2B3111D48FCF7D2FAC0E9014406
S31502007B080460C460D7F81C80D8F808404CB940F223
S31502007B1871213846FFF718FF00230446C8F8080003
S31502007B2803604FF00009EB070AD53146224638466C
S31502007B38FFF720FF8046314638464646FFF74EFE97
S31502007B486D100BD0206838B9224621463846FFF711
S31502007B5811FF2060C0F800900446E4E73046BDE80D
S31502007B68F88300BFFCA1000203A1000284A100025F
S31502007B782DE9F0470C46074691464FEA621A2369F1
S31502007B88496803EB6218A36808F10106B3420BDBE6
S31502007B983846FFF7E3FD054648B90246284B4FF437
S31502007BA8EF712848FCF77CFA01315B00EEE7002307
S31502007BB800F1140100F110021846534533DB2AEA94
S31502007BC8EA7A04F11403206919F01F0901EB8A0104
S31502007BD803EB800C2BD0C9F1200E8A4600221868C6
S31502007BE800FA09F010434AF8040B53F8042B9C4593
S31502007BF822FA0EF2F3D8ACEB040304F11500153B96
S31502007C0823F003030433604588BF0423CA500AB12C
S31502007C1808F10206013E384621462E61FFF7DEFDCF
S31502007C282846BDE8F087013342F8040FC5E7043950
S31502007C3853F8042B9C4541F8042FF9D8EAE700BF0C
S31502007C4873A1000284A1000203460A690069801A28
S31502007C5830B50ED11433143103EB820401EB8201E1
S31502007C6854F8045D51F8042D954203D005D24FF01D
S31502007C78FF3030BDA342F3D3FBE70120F9E700004A
S31502007C882DE9F74F89460646114614464846FFF738
S31502007C98DBFF051E12D129463046FFF75FFD024675
S31502007CA828B9414B40F237214048FCF7F9F901233C
S31502007CB8C0E90435104603B0BDE8F08FBCBF4B4699
S31502007CC8A1463046B8BF0125D9F80410B4BF1C46F0
S31502007CD80025FFF743FD024618B9334B40F245210A
S31502007CE8E2E7D9F8107004F1140E266900F1140BB4
S31502007CF8C56009F1140509F110030EEB860605EBBA
S31502007D088708D9464FF0000C0193019B5EF8040BD5
S31502007D1853F804AF764501931FFA8AF3194683B2DC
S31502007D284FEA1040A1EB0303C0EB1A40634400EB91
S31502007D3823409BB24FEA204C43EA004349F8043BEE
S31502007D48E3D8331B1534153B23F003030433A64249
S31502007D5838BF04231D445B442C461E4644450ED3B5
S31502007D6808F10301491B033D21F00301A84538BF69
S31502007D7800210B4453F8041D99B117619AE754F888
S31502007D88041BE6461FFA81FC080C7144F44489B2C6
S31502007D9800EB2C4041EA00414FEA204C46F8041B0E
S31502007DA8DCE7013FE6E700BF73A1000284A10002F7
S31502007DB82DE9F7430F460121164659EC108BFFF7BA
S31502007DC8CDFC044630B90246234B40F20F31234814
S31502007DD8FCF766F9C9F30A55C9F313030DB143F45F
S31502007DE880130193B8F1000323D068460093FFF786
S31502007DF87EFDDDE90012D0B1C0F1200302FA03F3D9
S31502007E08C2400B4301926361019B002BA3610CBF25
S31502007E18012202222261A5B1A5F233450544C0F129
S31502007E2835003D603060204603B0BDE8F0836161ED
S31502007E38EAE701A8FFF75BFD019B20300122636197
S31502007E48E8E7A0F2324004EB820338601869FFF7CC
S31502007E582FFDC0EB4210E5E773A1000284A10002E0
S31502007E682DE9F0471F468E6882460C46BE4290466A
S31502007E780B682DD8B1F90C2012F4906F26D06569DB
S31502007E88096905EB4505A3EB01097B1C05EBD575CD
S31502007E984B446D109D4238BF1D46530527D52946CA
S31502007EA8FFF7D0FB064660B34A462169FEF764FD32
S31502007EB8A38923F4906343F08003A38126614E4489
S31502007EC86561A5EB090526603E46A560BE4200D956
S31502007ED83E4632464146206800F01AF9A368002059
S31502007EE89B1BA360236833442360BDE8F0872A46B8
S31502007EF800F05EF906460028E0D121695046FFF7F0
S31502007F082DFB0C234FF0FF30CAF80030A38943F04B
S31502007F184003A381E9E700002DE9F04F98468B89D3
S31502007F289DB007461B060D46144610D50B6973B954
S31502007F384021FFF787FB2860286130B90C233B6094
S31502007F484FF0FF301DB0BDE8F08F40236B61002370
S31502007F58CDF80C804FF00109DFF8A08109932023A0
S31502007F688DF8293030238DF82A3023469A4613F89D
S31502007F78012B0AB1252AF9D1BAEB040B0BD05B46C1
S31502007F88224629463846FFF76BFF013000F0A780E4
S31502007F98099A5A4409929AF80030002B00F09F80F9
S31502007FA800234FF0FF320AF1010A049307938DF872
S31502007FB853301A93CDE90523544605224F4814F83F
S31502007FC8011BFEF7CBFC049AD8B9D00644BF20237E
S31502007FD88DF85330110744BF2B238DF853309AF886
S31502007FE800302A2B15D0079A544600204FF00A0C67
S31502007FF8214611F8013B303B092B4BD9B0B1079208
S3150200800814E0A0EB0803A24609FA03F31343049308
S31502008018D2E7039B191D1B68002B0391BBBF5B426A
S3150200802842F0020207930793B8BF049223782E2BD5
S315020080380AD163782A2B32D1039B02341A1D1B6894
S3150200804843EAE37303920593DFF8C0A0032221787B
S315020080585046FEF783FC38B1A0EB0A004022049B87
S31502008068013482401343049314F8011B0622244860
S315020080788DF82810FEF772FC002836D0214B1BBB60
S31502008088039B073323F0070308330393099B3344FF
S3150200809809936AE70CFB02320C460120A8E7002383
S315020080A801344FF00A0C19460593204610F8012BA5
S315020080B8303A092A03D9002BC6D00591C4E70CFB2E
S315020080C8012104460123F0E703AB2A4604A93846F0
S315020080D800930D4BFEF750F8421C0646D6D1AB89E3
S315020080E85B063FF52DAF09982CE703AB2A4604A990
S315020080F838460093044BFEF7CBFAEDE7DEA1000201
S31502008108E8A1000281610002697E0002E4A1000280
S31502008118884210B501EB020402D98442234607D8E5
S31502008128431EA14208D011F8012B03F8012FF8E7E4
S31502008138024401468A4200D110BD13F8014D02F8E5
S31502008148014DF7E738B50023054D044608462B606E
S31502008158FCF786F8431C02D12B6803B1236038BDAD
S3150200816894BE002270B5A1FB025434B92946FFF722
S3150200817869FA064628B9304670BD0C220026026006
S31502008188F9E72A462146FEF7D5FBF4E782B001B99C
S3150200819801A942B14BB113780B601278101E18BFB1
S315020081A8012002B070471046FBE76FF00100F8E7BE
S315020081B82DE9F041074614460D4621B91146BDE898
S315020081C8F041FFF73FBA2AB92546FFF7C7F928460D
S315020081D8BDE8F08100F027F88442064602D8B4EBDF
S315020081E8500FF4D821463846FFF72CFA804608B9CC
S315020081F84546ECE7B4422246294628BF3246FEF7F0
S31502008208BBFB29463846FFF7A9F9F1E703460846B4
S3150200821841B1FF2A04D98A224FF0FF301A6070470B
S3150200822801200A70704751F8043C181F002BBCBF86
S315020082380B58C01870470000000000BE000000BEC0
S31502008248000000BE000000BE000000BE000000BE26
S31502008258000000BE000000BE000000BE000000BE16
S31502008268000000BE000000BED9891DBED9891DBE08
S31502008278D9891DBED9891DBED9891DBED9891DBEFA
S31502008288D9891DBED9891DBED9891DBED9891DBEEA
S31502008298D9891DBED9891DBE8C2E3ABE8C2E3ABEF0
S315020082A88C2E3ABE8C2E3ABE8C2E3ABE8C2E3ABEF6
S315020082B88C2E3ABE8C2E3ABE8C2E3ABE8C2E3ABEE6
S315020082C88C2E3ABE8C2E3ABE8FC2F53B8FC2F53B38
S315020082D82403C83B9591A33B07C08D3B0B63873BA1
S315020082E83F928E3BDD5F9C3B6002963B5CB7983BB8
S315020082F81D77A53B40BCF03BA83C173C7E2EE43BD1
S31502008308D6B6763B548A633BE601513B854C473BDE
S315020083184D814C3BDC66683B3F0D6F3B5BF5733B1F
S315020083288EA3833B9544B83B8F44BB3B39F4543BFD
S315020083383907363B5C542C3B9E2C2D3BCD084A3BD9
S3150200834895127E3B76A6713B76506C3B3D7D633B30
S31502008358BAF55C3B536A653B7B142E3E70587B3EEE
S31502008368324EA43E2DF0CA3E2792F13E111A0C3F18
S315020083780E6B1F3F0BBC323F080D463F065E593F48
S3150200838803AF6C3F0000803F3BAD49405E744A40F4
S31502008398823B4B40A5024C40C8C94C40EC904D402C
S315020083A80F584E40331F4F4056E64F407AAD504065
S315020083B89D745140C03B5240E402534007CA5340A1
S315020083C82B9154404E585540711F564095E65640DB
S315020083D8B8AD5740DC745840FF3B594022035A4017
S315020083E846CA5A4069915B408D585C40B01F5D4051
S315020083F834C55D40B76A5E403B105F40BEB55F401C
S31502008408425B60404FD160405C4761406ABD614053
S315020084187733624084A96240091263408E7A6340C8
S3150200842813E36340984B64401DB46440471B6540A0
S31502008438718265409CE96540C6506640F0B7664061
S31502008448451E67409B846740F0EA6740455168408D
S315020084589AB76840A33E6940ACC56940B54C6A40C4
S31502008468BED36A40C75A6B4000F16B4039876C40ED
S31502008478721D6D40ABB36D40E4496E40E0F66E4046
S31502008488DCA36F40D9507040D5FD7040D2AA714026
S315020084988B5F724044147340FEC87340B77D7440C4
S315020084A8703275407CCE7540876A7640930677406F
S315020084B89EA27740AA3E7840E8D47840276B794056
S315020084C865017A40A4977A40E32D7B4071E47B40AC
S315020084D8009B7C408F517D401E087E40ADBE7E408B
S315020084E8ED797F40971A804037788040D7D580400B
S315020084F877338140B67D8140F5C781403312824089
S31502008508725C8240B1A68240D71A8340FD8E8340B0
S31502008518240384404A77844070EB844084044740AD
S31502008528E4F3474044E34840A4D2494003C24A40E0
S3150200853863B14B40C3A04C4023904D40837F4E40CD
S31502008548E36E4F40425E5040A24D5140023D5240BA
S31502008558622C5340C21B5440210B554081FA5540A8
S31502008568E1E9564041D95740A1C8584000B8594098
S3150200857814935A40276E5B403A495C404D245D404D
S3150200858860FF5D40FEA05E409C425F403AE45F4069
S31502008598D8856040752761402A956140DE026240AF
S315020085A89370624047DE6240FC4B6340B5AA634063
S315020085B86F09644029686440E2C664409C256540A8
S315020085C85E88654020EB6540E14D6640A3B0664093
S315020085D865136740A1786740DCDD67401843684049
S315020085E854A868408F0D69407899694061256A40A8
S315020085F84AB16A40323D6B401BC96B40FA666C4011
S31502008608D9046D40B7A26D4096406E4075DE6E4045
S31502008618308E6F40EB3D7040A6ED7040629D714012
S315020086281D4D7240EA027340B8B87340856E7440B5
S315020086385324754020DA75406E6E7640BC02774048
S315020086480A977740572B7840A5BF7840154C794052
S3150200865885D87940F5647A4065F17A40D57D7B40C4
S315020086680D357C4046EC7C407EA37D40B75A7E4061
S31502008678EF117F405ECF7F40674680401EA580404F
S31502008688D60381408D628140F2B0814056FF814017
S31502008698BA4D82401F9C824083EA82403653834009
S315020086A8E9BB83409C2484404F8D844001F6844074
S315020086B8358240402D2E424025DA43401D864540EC
S315020086C8143247400CDE4840048A4A40FC354C4086
S315020086D8F3E14D40EB8D4F40E3395140976F5240DD
S315020086E84BA55340FFDA5440B410564068465740EB
S315020086F8F30258407DBF5840087C594093385A4087
S315020087081EF55A4074C65B40CB975C4022695D40B1
S31502008718783A5E40CF0B5F403AA85F40A544604076
S3150200872810E160407B7D6140E6196240FA8362404F
S315020087380EEE62402258634036C26340492C6440BA
S315020087487C846440AEDC6440E1346540138D654048
S3150200875845E56540384666402AA766401C086740D4
S315020087680E69674000CA674052306840A49668405E
S31502008778F6FC68404763694099C9694078656A406A
S3150200878856016B40359D6B4013396C40F2D46C40F0
S31502008798AD896D40683E6E4023F36E40DDA76F409B
S315020087A8985C70409DFE7040A2A07140A64272403D
S315020087B8ABE47240B08673405922744002BE7440DC
S315020087C8AB59754053F57540FC9076403321774096
S315020087D86BB17740A2417840D9D17840106279408E
S315020087E896EF79401C7D7A40A30A7B4029987B4004
S315020087F8AF257C400ADD7C4065947D40C04B7E40B7
S315020088081B037F4076BA7F40F33B8040AA9A80409A
S3150200881862F9804019588140D1B681403D068240AE
S31502008828AA55824016A5824082F48240EE438340CE
S3150200883828B68340622884409B9A8440D50C85409A
S315020088480F7F854000000000000000000AD7233C85
S315020088580AD7A33C8FC2F53C0AD7233DCDCC4C3D63
S315020088688FC2753D295C8F3D0AD7A33DEC51B83DB1
S31502008878CDCCCC3DAE47E13D8FC2F53DB81E053E97
S31502008888295C0F3E9A99193E0AD7233E7B142E3E3F
S31502008898EC51383E5C8F423ECDCC4C3E3D0A573EAB
S315020088A8AE47613E1F856B3E8FC2753E0000803E15
S315020088B8B81E853E713D8A3E295C8F3EE17A943E1A
S315020088C89A99993E52B89E3E0AD7A33EC3F5A83E48
S315020088D87B14AE3E3333B33EEC51B83EA470BD3E74
S315020088E85C8FC23E14AEC73ECDCCCC3E85EBD13EA4
S315020088F83D0AD73EF628DC3EAE47E13E6666E63ED0
S315020089081F85EB3ED7A3F03E8FC2F53E48E1FA3EFD
S315020089180000003F5C8F023FB81E053F14AE073FBA
S31502008928713D0A3FCDCC0C3F295C0F3F85EB113FC9
S31502008938E17A143F3D0A173F9A99193FF6281C3FD8
S3150200894852B81E3FAE47213F0AD7233F6666263FE7
S31502008958C3F5283F1F852B3F7B142E3FD7A3303FF5
S315020089683333333F8FC2353FEC51383F48E13A3F04
S31502008978A4703D3F0000403F5C8F423FB81E453F12
S3150200898814AE473F713D4A3FCDCC4C3F295C4F3F21
S3150200899885EB513FE17A543F3D0A573F9A99593F31
S315020089A8F6285C3F52B85E3FAE47613F0AD7633F3F
S315020089B86666663FC3F5683F1F856B3F7B146E3F4D
S315020089C8D7A3703F3333733F8FC2753FEC51783F5D
S315020089D848E17A3FA4707D3F0000803F0000000016
S315020089E8000020410000C841FF9DAFBE0F2FC8BD41
S315020089F8BFB6E83ADDBC903E4E55F3BCA4E3773DDC
S31502008A08B72E593D245A113D93AFE73E4E58993E2B
S31502008A18AC426D3E16728DBEBD5A63BE5D80B83ECF
S31502008A28C92F0B3EEE7A53BF1CAFF8BBB920B9BDAE
S31502008A382F8891BEBE13F73E0619C5BD7612E1BE52
S31502008A48C2D188BE0768C6BD7B07153E16AD16BFDE
S31502008A5841B67BBD1793013F29338EBD67341C3E51
S31502008A6857320DBE65321C3F346D42BD3F7E6F3DA7
S31502008A78AD3F8F3E06A581BD524E65BD269AC83EBC
S31502008A88F3CF9F3E1310F5BD188158BEB255B1BE3D
S31502008A98AD1A143EFBCFE53E10017FBE9297BCBECF
S31502008AA89DA081BE3D171B3F48B90E3E1121ED3EE2
S31502008AB836A4DC3EE6DBDDBE0938873CF44DD23E01
S31502008AC8B0A1B33E9E004F3E490B2B3E8B2D9BBE5B
S31502008AD8A10ED5BD1995263ECF2779BE711985BE39
S31502008AE873848DBEF0B0953EC953153E129A5C3E0C
S31502008AF8F45F7F3E11A596BE90957E3DCB40923E91
S31502008B08186549BCBF70BD3BAFD33E3D77F9023FFE
S31502008B1806EF9CBEF9414ABEE756263E381B903CF4
S31502008B28E92032BEEF7310BFF78A363E72C10ABE1B
S31502008B388DE04BBD433C363ED300B73D0601CDBE64
S31502008B48BA8BE0BC266B62BE32665DBD567CD73EEA
S31502008B580E74A43D3A3D08BF70869CBC4B0D093E77
S31502008B68D786B4BD27520CBFDAD7533EEC83EDBE87
S31502008B78EA0D85BE03E3CC3E6B74A23E8268C2BE92
S31502008B88F3149FBE5AFC9EBE5963ED3DD68D6B3ECD
S31502008B988726263E071BD0BE8AB691BEADE7D8BD4C
S31502008BA8F05A5A3ECC303BBF6140943E8F1361BEA9
S31502008BB8996E86BECB6D703E757C9A3B94771ABFCA
S31502008BC8B594C7BC7AB9A13DD180DCBE219FD0BE7F
S31502008BD8CD7349BE0041CB3E16FD07BE6DEC26BEDF
S31502008BE8B16FA7BD4C803F3F199DB0BDA595843E88
S31502008BF8A3E88A3EB0D9DABC0CC75DBD89AB1A3F79
S31502008C08E4E2E03EAB2F213EDA153D3D5C8E563D51
S31502008C18B867D13D59731F3E4C72B33B689434BE54
S31502008C28A7833B3CA48503BFFCCA4CBE25223D3E16
S31502008C3842E98F3E95793CBE1A04CA3D2EED57BDD0
S31502008C4868499A3D43A02E3E2BEC1F3FEB8F5B3EB5
S31502008C5873A81BBF761B05BF671A5B3D8A7AE03D80
S31502008C68F49ED6BC1ADDBFBCE6EAA1BEBC80513E64
S31502008C7838C927BE600DE13D11A6DBBDF0C0BB3E7B
S31502008C8898426CBE91E31D3F65FE3D3E79CD34BFE9
S31502008C98761802BFB54DA63DE1011A3EBFC889BE88
S31502008CA81A95133E795994BDD05DC43E6026A7BE77
S31502008CB8994C01BEC6CBD9BD1DEB2E3EA51231BEBF
S31502008CC8F377EF3EE1C49A3E7B3C43BE30CC03BF0A
S31502008CD8C7D9133EA04281BEA67B8B3E19FA82BE35
S31502008CE81A4AF63D9EDB043F299D023DB8D2DC3C7A
S31502008CF838E4B73DFB62B83EE3FBC43E26C52BBF4C
S31502008D086FB7FEBE846D173F9080833D0A66B23EFA
S31502008D1835EB053EA962DEBD0BDC3A3E55BCAFBD5E
S31502008D28126CC6BE14EA913DFA563D3E4610483EBE
S31502008D38C1009ABD8651B9BEDA661A3FCB66CD3EE8
S31502008D48222561BE0CB787BEB5CA35BE2893DF3B5E
S31502008D58C2C2D73DF0F0BB3D1177233E51F2053E24
S31502008D6832A282BDB54A2DBD3D6AAF3DE13B103BFD
S31502008D78FB54EE3D0228193F7138F83DEE72ECBEFF
S31502008D88A7F2C3BE0C5E8EBE6135843D2C81473E7A
S31502008D987FB8C3BEEE50ADBCA547763E159CB23D24
S31502008DA8EA1090BEDAA733BE5451703EFD43EB3C3F
S31502008DB8E028A43E57FD693EB809B6BE1B0A98BE0E
S31502008DC8FB3CDEBD48F23D3C3C667B3EFB682B3EE7
S31502008DD86BECF2BDDC8E003F44661CBE397972BE6E
S31502008DE8AC012CBED6A0CD3D6C1A323E8C41C9BF11
S31502008DF8DEEDD3BF4D8D03BF9AF8573F1172F03F90
S31502008E08E2E6AD3EAD192F3F47C1A4BED47660C097
S31502008E18A8B71FBFCD82FFBE4104A5C01B60643D33
S31502008E288D5116BFD426624031CED5BE8E1EC1BE26
S31502008E3804D4B23D0BE22C3F678F463EC8A95A3E80
S31502008E4808D2BEBDC097E3BC22C1663D9B6D0ABF70
S31502008E587128163EE295A43E53E5EE3DC3296BBE44
S31502008E68108CDB3EF4C401BFCE13AEBE0D31363FC5
S31502008E78F207633ED69B843EEA00853E80EDDDBD61
S31502008E88F6468DBD864A5BBD674E77BE32E1763CB5
S31502008E983929CCBB0D0B91BE2C10B8BED1B85BBE1E
S31502008EA85B17DEBE72BD03BD03122C3FB198C53EE9
S31502008EB8849462BC1FEAD13DEDF6423DC2E87FBE0C
S31502008EC80CE41E3E0184D3BEBDD409BD8A6702BE28
S31502008ED864E2C9BBFB012FBE526972BDF281E33E51
S31502008EE8237C0F3FA87303BF09B66ABE9EF8ADBDC1
S31502008EF8C8EE913C0FC522BEF1CA333D0370A33AB0
S31502008F08CCADFE3EBDAC90BCC9D077BDE155A63D01
S31502008F18741CD53DB9E1923EBCB75BBECEF189BEA3
S31502008F28B013323DCD0C003FF10D373E8E7C8D3DA0
S31502008F3894D691BD92F7093EC5BA3E3DA108CEBE6A
S31502008F48D5A73FBEF9796B3E7DE0DF3C039683BE2B
S31502008F58E7796A3EE8224ABFD72D09BFF123F53ED3
S31502008F686780BC3E3A60CFBC46132C3E5471CE3C59
S31502008F78E7B83A3E4FA302BED3FCE7BE95BBDA3E3C
S31502008F8853BCD23E79331ABE9BA249BE1F57FABDBD
S31502008F98C7966DBEEE81153EA864173F6FA1F73DD1
S31502008FA8BE04AEBDAB6487BE0FF87FBEDCBB0B3E0C
S31502008FB80C7A043F96CECE3D72AF243E9F481F3EA2
S31502008FC83E772C3D960E35BE23053EBEF94EC8BEEB
S31502008FD89E02E2BE5044133F5C418A3E928707BE18
S31502008FE8592B0DBD17C45ABED4532E3D3C9E043E82
S31502008FF8F796B2BE4CF8A1BD3E56C43C1C342F3D72
S315020090086530E2BD2BB86FBE0000F0410000F041AA
S315020090180000F0410000F0410000F0410000F0417C
S315020090280000F0410000F0410000803F0000F041DE
S315020090380000803F0000C8418FC2F53C0000003F97
S315020090480000003F000000000000000000000000D1
S315020090580000000000000000000000000000000000
S3150200906800000000000000000000000000000000F0
S31502009078000000000000C8410AD7233D0000000096
S315020090880000000063616E5F72785F7175657565D1
S31502009098000000002E2E2F7372632F63616E5F74B9
S315020090A861736B5F656E7472792E6300745F6D739C
S315020090B82C565F6D562C495F6D412C54737572663A
S315020090C85F63432C536F435F70706D2C5670315F2C
S315020090D875562C5670325F75562C52305F756F680E
S315020090E86D2C696E6E6F765F7261775F75562C6945
S315020090F86E6E6F765F757365645F75562C505F7317
S315020091086F635F65392C505F7670315F65392C5015
S315020091185F7670325F65392C505F52305F65313247
S315020091282C54636F72655F63432C536F4374727575
S31502009138655F70706D2C54636F7265747275655FC6
S3150200914863432C706C616E745F737465702C7763FD
S3150200915865745F75732C56707265645F62617365B8
S315020091685F6D562C56707265645F636F72725F6DBF
S31502009178562C64495F6D412C5261646170745F6557
S31502009188392C64566E6E5F75562C6E6E5F666C6110
S3150200919867732C737461636B5F667265655F772CA0
S315020091A8737461636B5F667265655F422C73746183
S315020091B8636B5F757365645F422C737461636B5F7F
S315020091C8616C6C6F635F422C745F706879735F7051
S315020091D87265645F75732C745F6E6E5F626C6F6323
S315020091E86B5F75732C745F6B665F7570646174650B
S315020091F85F75732C745F746865726D616C5F7573E5
S315020092082C745F737465705F746F74616C5F7573C9
S315020092180D0A0000256C752C256C642C256C642CB3
S31502009228256C642C256C642C256C642C256C642CAA
S31502009238256C642C256C642C256C642C256C642C9A
S31502009248256C642C256C642C256C642C256C642C8A
S31502009258256C642C256C642C256C752C256C752C58
S31502009268256C642C256C642C256C642C256C642C6A
S31502009278256C642C256C752C256C752C256C752C27
S31502009288256C752C256C752C256C752C256C752C06
S31502009298256C752C256C752C256C750D0A0000003D
S315020092A8626D735F6D7574657820213D2028287676
S315020092B86F6964202A293029000000002E2E2F7398
S315020092C872632F6E65775F746872656164305F6575
S315020092D86E7472792E630000706C616E745F6D61D4
S315020092E8696C626F785F6D7574657820213D2028F8
S315020092F828766F6964202A293029000075617274FC
S315020093085F657272203D3D204653505F5355434375
S315020093184553530043414E0063616E5F7461736B3C
S315020093285F68616E646C6520213D202828766F6926
S3150200933864202A29302900005F5F657374696D61AC
S31502009348746F725F5F000000657374696D61746F94
S31502009358725F7461736B5F68616E646C6520213D30
S31502009368202828766F6964202A29302900000000FF
S315020093784E657720546872656164000075635356BA
S31502009388434E756D626572203C3D20330000000035
S315020093982E2E2F72612F6673702F7372632F726D62
S315020093A85F6672656572746F735F706F72742F7021
S315020093B86F72742E630000002828285343425F54B4
S315020093C8797065202A29202828307845303030459A
S315020093D8303030554C29202B2030783044303055E7
S315020093E84C2920292D3E49435352202620283078DD
S315020093F8314646554C202929203D3D2030000000A3
S315020094087578437269746963616C4E657374696EC3
S3150200941867000000756C43757272656E74507269E6
S315020094286F72697479203E3D202828282831292917
S31502009438203C3C202838202D2034292929203E3E4C
S31502009448202838202D203429000000005F5F4E5660
S3150200945849435F4765745072696F726974794772D6
S315020094686F7570696E672829203C3D202838202DA3
S31502009478203429202D203100785175657565000044
S315020094882E2E2F72612F6177732F4672656552549D
S315020094984F532F4672656552544F532F536F757249
S315020094A863652F71756575652E6300007078517551
S315020094B8657565007852657475726E20213D20289F
S315020094C8202820282042617365547970655F7420CC
S315020094D82920302029202900707853746174696321
S315020094E851756575650000007853697A65203D3DBA
S315020094F82073697A656F66282051756575655F748C
S315020095082029000070784E657751756575650000EB
S315020095187848616E646C6500212820282070764997
S3150200952874656D546F5175657565203D3D20282813
S31502009538766F6964202A29302920292026262028A0
S3150200954820707851756575652D3E75784974656D17
S3150200955853697A6520213D20282055426173655456
S315020095687970655F7420292030552029202900004A
S31502009578212820282078436F7079506F736974699F
S315020095886F6E203D3D20282028204261736554795C
S3150200959870655F742029203220292029202626205A
S315020095A82820707851756575652D3E75784C656EFF
S315020095B867746820213D20312029202900000000F7
S315020095C82128202820785461736B47657453636891
S315020095D86564756C657253746174652829203D3D0E
S315020095E8202820282042617365547970655F7420AB
S315020095F82920302029202920262620282078546947
S31502009608636B73546F5761697420213D203020299A
S315020096182029000028206354784C6F636B20292088
S31502009628213D2028202820696E74385F742029205D
S315020096383132372029000000707851756575652D1D
S315020096483E75784974656D53697A65203D3D2030CB
S31502009658000000002128202820707851756575655C
S315020096682D3E706348656164203D3D202828766F4B
S315020096786964202A293029202920262620282070B4
S315020096887851756575652D3E752E7853656D6170D1
S31502009698686F72652E784D75746578486F6C646567
S315020096A87220213D202828766F6964202A293029CC
S315020096B82029202900000000282070785175657538
S315020096C865202900212820282028207076427566E0
S315020096D86665722029203D3D202828766F69642018
S315020096E82A29302920292026262028202820707871
S315020096F8517565756520292D3E75784974656D53D2
S31502009708697A6520213D202820554261736554797E
S3150200971870655F7420292030552029202900000011
S31502009728785461736B0000002E2E2F72612F6177B9
S31502009738732F4672656552544F532F4672656552AA
S31502009748544F532F536F757263652F7461736B731E
S315020097582E630000282028202820282070784465B7
S315020097686C617965645461736B4C69737420292D35
S315020097783E75784E756D6265724F664974656D738E
S31502009788203D3D2028205542617365547970655FF6
S3150200979874202920302029203F20282028204261B1
S315020097A87365547970655F74202920312029203A1F
S315020097B8202820282042617365547970655F7420D9
S315020097C82920302029202920290000007075785385
S315020097D87461636B42756666657220213D2028288E
S315020097E8766F6964202A293029000000707854614E
S315020097F8736B42756666657220213D202828766F4E
S315020098086964202A293029007853697A65203D3D02
S315020098182073697A656F6628205443425F7420294B
S315020098280000000075785072696F72697479203C7D
S3150200983820283629000000007852657475726E2059
S31502009848213D2028202D31202900000075785363F8
S31502009858686564756C657253757370656E64656464
S3150200986820213D2030550000707850726576696F68
S31502009878757357616B6554696D65000028207854C5
S31502009888696D65496E6372656D656E74203E20303A
S315020098985520290075785363686564756C6572533B
S315020098A8757370656E646564203D3D203155000010
S315020098B87578546F705072696F7269747900000016
S315020098C870784576656E744C697374007078556E57
S315020098D8626C6F636B656454434200007078546926
S315020098E86D654F757400000070785469636B735424
S315020098F86F576169740000007078544342203D3DF9
S3150200990820707843757272656E7454434200000083
S3150200991870785443422D3E75784D75746578657333
S3150200992848656C6400000000707854434220213D6B
S3150200993820707843757272656E7454434200000053
S31502009948546D7251000000007854696D657200000A
S315020099582E2E2F72612F6177732F467265655254C8
S315020099684F532F4672656552544F532F536F757274
S3150200997863652F74696D6572732E6300282070788B
S3150200998854696D65722D3E7854696D6572506572BB
S31502009998696F64496E5469636B73203E20302029CF
S315020099A800000000546D7220537663007852657485
S315020099B875726E0063616E5F7461736B5F656E7458
S315020099C8727900000000000000000080000000001C
S315020099D8010000006E65775F746872656164305FC6
S315020099E8656E74727900000000000000740000229F
S315020099F8A114000200000000280000220204060545
S31502009A08030200000209020A020B020C000000000F
S31502009A1800000000ED1F000200000000289A000264
S31502009A2800010000840000220F00FFFF0000000171
S31502009A380100000000000000450000004C9A0002E8
S31502009A480000000000000000000000000080000086
S31502009A5802000000008000000300000000800000F1
S31502009A6804000000008000000500000000800000DD
S31502009A780700000000400000080000000040000047
S31502009A8809000000008000000B00000000800000B2
S31502009A980E000000008000000F0000000008011CF4
S31502009AA8000100000008011C010100000008011C59
S31502009AB8020100000008011C03010000000C011C41
S31502009AC8040100000000011C050100000000011C41
S31502009AD8060100000400000007010000000C01173F
S31502009AE80C010000000001170E0100000004010726
S31502009AF80502000000040107060200000400000037
S31502009B080702000000000100080200000000010030
S31502009B1809020000000001000A020000000001001C
S31502009B280B020000000C011700030000000C0117CD
S31502009B3801030000000C011702030000000C0117C4
S31502009B4803030000000C011704030000000C0117B0
S31502009B5805030000000C01170603000000040117A4
S31502009B6807030000000401170803000000000105AE
S31502009B7809030000000001050A03000000000110A5
S31502009B880B030000000001100C0300000000011383
S31502009B980704000000000114080400000000011474
S31502009BA809040000000C01060A040000000C010664
S31502009BB80B040000000C01060C040000000C010650
S31502009BC80D040000040000000E040000000001134A
S31502009BD80005000000000113010500000400000052
S31502009BE8000600000008011C000800000008011C0D
S31502009BF8010800000008011C020800000008011CF8
S31502009C08030800000008011C040800000008011CE3
S31502009C1808080000040000000908000000000113FB
S31502009C280E080000000001130F080000000C0104D2
S31502009C38020A0000000C0104030A0000000C0104D9
S31502009C48040A0000000C0104050A000000000000D6
S31502009C58060A0000000C01050E0A0000000C0105A8
S31502009C680F0A0000000C0114010B0000000000009E
S31502009C78610062006300640090018F019101860110
S31502009C88850139013A013B013C01000076506F72A9
S31502009C987456616C6964617465496E74657272752D
S31502009CA870745072696F72697479000076506F72B7
S31502009CB87445786974437269746963616C0000005B
S31502009CC876506F7274456E7465724372697469630D
S31502009CD8616C000076506F727453564348616E6425
S31502009CE86C65725F4300000002040304040400006A
S31502009CF80001020304050607080C10141820304058
S31502009D0808000000289E00020F000000389D00028D
S31502009D1803000000209D00020000006800000068A1
S31502009D28000000800000008060020022600200221B
S31502009D380000006800000068000000900001090D9C
S31502009D480000006800000068000000270001020DFC
S31502009D580000006800000068740000020001010D9E
S31502009D680000008000000080000000900001090841
S31502009D7800000080000000800000002700010208A1
S31502009D880000008000000080740000020001010843
S31502009D980000000000000000000000900101090513
S31502009DA80000000000000000000000270100020574
S31502009DB80000000000000000740000020100010516
S31502009DC800000020000000200000009001010904A4
S31502009DD80000002000000020000000270100020405
S31502009DE800000020000000207400000201000104A7
S31502009DF80000002200000022000000900001090372
S31502009E0800000022000000220000002700000203D2
S31502009E18000000224402002274000002000001032E
S31502009E2800000068000000680001000D00000068DC
S31502009E38000000680001000D00000080000000809C
S31502009E4800010008000000800000008000010008F0
S31502009E5800000000000000000100000500000020CC
S31502009E6800000020010000044402002260020022D1
S31502009E780000000390060022A4BE00220000000390
S31502009E8801000200080010002000000076517565E6
S31502009E987565416464546F526567697374727900B3
S31502009EA878517565756553656D6170686F7265542D
S31502009EB8616B650078517565756552656365697686
S31502009EC86500000078517565756547656E65726946
S31502009ED86353656E6446726F6D4953520000000003
S31502009EE878517565756547656E6572696353656E02
S31502009EF8640000007851756575654372656174651D
S31502009F08436F756E74696E6753656D6170686F72BB
S31502009F18655374617469630078517565756547653B
S31502009F286E657269634372656174655374617469B7
S31502009F386300000078517565756547656E657269D7
S31502009F486352657365740000765461736B50726967
S31502009F586F72697479446973696E68657269744166
S31502009F686674657254696D656F75740078546173A9
S31502009F786B5072696F72697479446973696E686540
S31502009F8872697400785461736B436865636B466FD4
S31502009F987254696D654F75740000000078546173D8
S31502009FA86B52656D6F766546726F6D4576656E7432
S31502009FB84C69737400000000765461736B506C61CF
S31502009FC863654F6E4576656E744C69737452657334
S31502009FD87472696374656400765461736B506C615C
S31502009FE863654F6E4576656E744C6973740000003E
S31502009FF8765461736B537769746368436F6E7465DD
S3150200A00878740000785461736B496E6372656D6586
S3150200A0186E745469636B0000785461736B5265738E
S3150200A028756D65416C6C0000765461736B5374618F
S3150200A03872745363686564756C65720076546173ED
S3150200A0486B44656C61790000785461736B44656C86
S3150200A0586179556E74696C00707276496E697469B5
S3150200A068616C6973654E65775461736B0000000015
S3150200A0787072764372656174655374617469635468
S3150200A08861736B000500000070727650726F63652B
S3150200A09873735265636569766564436F6D6D616E48
S3150200A0A8647300007854696D6572437265617465FC
S3150200A0B854696D65725461736B00494E4600696E48
S3150200A0C866004E414E006E616E003000303132330A
S3150200A0D83435363738394142434445460030313201
S3150200A0E83334353637383961626364656600496EDA
S3150200A0F866696E697479004E614E005245454E5442
S3150200A108206D616C6C6F6320737563636565646546
S3150200A11864002F646174612F6A656E6B696E732FB2
S3150200A128776F726B73706163652F474E552D746F27
S3150200A1386F6C636861696E2F61726D2D31332F738F
S3150200A14872632F6E65776C69622D63796777696EBC
S3150200A1582F6E65776C69622F6C6962632F737464FC
S3150200A1686C69622F64746F612E630042616C6C6F56
S3150200A1786320737563636565646564002F6461743F
S3150200A188612F6A656E6B696E732F776F726B737068
S3150200A1986163652F474E552D746F6F6C63686169ED
S3150200A1A86E2F61726D2D31332F7372632F6E657741
S3150200A1B86C69622D63796777696E2F6E65776C694C
S3150200A1C8622F6C6962632F7374646C69622F6D7097
S3150200A1D87265632E6300232D302B2000686C4C00B9
S3150200A1E8656667454647004300504F534958002E57
S3150200A1F80000000005000000190000007D000000B4
S3150200A2080080E03779C34143176E05B5B5B8934662
S3150200A218F5F93FE9034F384D321D30F94877825A2E
S3150200A2283CBF737FDD4F1575000000000000F03F4C
S3150200A2380000000000002440000000000000594011
S3150200A2480000000000408F40000000000088C34064
S3150200A25800000000006AF8400000000080842E41D9
S3150200A26800000000D01263410000000084D7974125
S3150200A2780000000065CDCD41000000205FA002422B
S3150200A288000000E876483742000000A2941A6D42A0
S3150200A298000040E59C30A2420000901EC4BCD64293
S3150200A2A800003426F56B0C430080E03779C341433E
S3150200A2B800A0D8855734764300C84E676DC1AB43B4
S3150200A2C8003D9160E458E143408CB5781DAF1544D2
S3150200A2D850EFE2D6E41A4B4492D54D06CFF08044AD
S3150200A2E8F64AE1C7022DB544B49DD9794378EA44C2
S3150200A2F80020202020202020202028282828282046
S3150200A308202020202020202020202020202020203D
S3150200A31820881010101010101010101010101010A5
S3150200A3281004040404040404040404101010101095
S3150200A338101041414141414101010101010101015F
S3150200A34801010101010101010101010110101010B1
S3150200A3581010424242424242020202020202020231
S3150200A3680202020202020202020202021010101085
S3150200A37820000000000000000000000000000000AD
S3150200A38800000000000000000000000000000000BD
S3150200A39800000000000000000000000000000000AD
S3150200A3A8000000000000000000000000000000009D
S3150200A3B8000000000000000000000000000000008D
S3150200A3C8000000000000000000000000000000007D
S3150200A3D8000000000000000000000000000000006D
S3150200A3E8000000000000000000000000000000005D
S3150200A3F8000000004275696C7420776974682052FF
S3150200A408656E6573617320416476616E6365642067
S3150200A418466C657869626C6520536F6674776172FB
S3150200A42865205061636B6167652076657273696F33
S3150200A4386E20362E312E3000362E312E3000000098
S3090200A4480000010601
S3090200A44CF8B500BF98
S3090200A450F8B500BF94
S3090200A45425030002D2
S3090200A458FD020002F7
S30D0200A45C3EC5FF7F010000006E
S3090300A100FFFFFFFF56
S3090300A104FFFFFFFF52
S3090300A200FFFFFFFD57
S3090300A28000000000D1
S7050200428135
